{
	"display": {
		"icon": {
			"item": "minecraft:warped_fungus_on_a_stick",
			"nbt": "{CustomModelData:2013153}"
		},
		"title": {
			"text": "Awakened Sniper",
			"color": "aqua"
		},
		"description": {
			"text": "Upgrade your Stardust Sniper",
			"color": "green"
		},
		"frame": "task",
		"show_toast": true,
		"announce_to_chat": true,
		"hidden": false
	},
	"parent": "stardust:visible/stuff/stardust_sniper",
	"criteria": {
		"requirement": {
			"trigger": "minecraft:inventory_changed",
			"conditions": {
				"items": [
					{
						"tag": "stardust:items",
						"nbt": "{stardust:{awakened_stardust_sniper:1b}}"
					}
				]
			}
		}
	}
}
