{
	"display": {
		"icon": {
			"item": "minecraft:command_block",
			"nbt": "{CustomModelData:2013004}"
		},
		"title": {
			"text": "It's inspired from Draconic, isn't it?",
			"color": "aqua"
		},
		"description": {
			"text": "Obtain an Awakened Stardust",
			"color": "green"
		},
		"frame": "task",
		"show_toast": true,
		"announce_to_chat": true,
		"hidden": false
	},
	"parent": "stardust:visible/stuff/stardust_config",
	"criteria": {
		"requirement": {
			"trigger": "minecraft:inventory_changed",
			"conditions": {
				"items": [
					{
						"tag": "stardust:items",
						"nbt": "{stardust:{awakened_stardust:1b}}"
					}
				]
			}
		}
	}
}
