{
	"display": {
		"icon": {
			"item": "minecraft:golden_apple",
			"nbt": "{CustomModelData:2013173}"
		},
		"title": {
			"text": "Increasing health",
			"color": "aqua"
		},
		"description": {
			"text": "Eat your first Life Crystal",
			"color": "green"
		},
		"frame": "task",
		"show_toast": true,
		"announce_to_chat": true,
		"hidden": false
	},
	"parent": "stardust:visible/stuff/stardust_apple",
	"criteria": {
		"requirement": {
			"trigger": "minecraft:impossible",
			"conditions": {}
		}
	}
}
