{
	"display": {
		"icon": {
			"item": "minecraft:iron_pickaxe",
			"nbt": "{CustomModelData:2013112}"
		},
		"title": {
			"text": "Reinforcement!",
			"color": "aqua"
		},
		"description": {
			"text": "Upgrade your Damaged Stardust equipment",
			"color": "green"
		},
		"frame": "task",
		"show_toast": true,
		"announce_to_chat": true,
		"hidden": false
	},
	"parent": "stardust:visible/stuff/damaged_stardust_equipment",
	"criteria": {
		"requirement": {
			"trigger": "minecraft:inventory_changed",
			"conditions": {
				"items": [
					{
						"tag": "stardust:items",
						"nbt": "{stardust:{reinforced:1b}}"
					}
				]
			}
		}
	}
}
