{
	"display": {
		"icon": {
			"item": "minecraft:command_block",
			"nbt": "{CustomModelData:2013042}"
		},
		"title": {
			"text": "A very hot material",
			"color": "aqua"
		},
		"description": {
			"text": "Craft a Solarium Ingot",
			"color": "green"
		},
		"frame": "task",
		"show_toast": true,
		"announce_to_chat": true,
		"hidden": false
	},
	"parent": "stardust:visible/stuff/solarium_fragment",
	"criteria": {
		"requirement": {
			"trigger": "minecraft:inventory_changed",
			"conditions": {
				"items": [
					{
						"tag": "stardust:items",
						"nbt": "{stardust:{solarium_ingot:1b}}"
					}
				]
			}
		}
	}
}
