{
	"display": {
		"icon": {
			"item": "minecraft:diamond_sword",
			"nbt": "{CustomModelData:2013132}"
		},
		"title": {
			"text": "Burning your soul",
			"color": "aqua"
		},
		"description": {
			"text": "Choose the Solarium path",
			"color": "green"
		},
		"frame": "task",
		"show_toast": true,
		"announce_to_chat": true,
		"hidden": false
	},
	"parent": "stardust:visible/stuff/solarium_fragment",
	"criteria": {
		"requirement": {
			"trigger": "minecraft:inventory_changed",
			"conditions": {
				"items": [
					{
						"tag": "stardust:items",
						"nbt": "{stardust:{solarium:1b}}"
					}
				]
			}
		}
	}
}
