{
	"display": {
		"icon": {
			"item": "minecraft:golden_apple",
			"nbt": "{CustomModelData:2013172}"
		},
		"title": {
			"text": "A better golden apple",
			"color": "aqua"
		},
		"description": {
			"text": "Craft a Stardust Apple",
			"color": "green"
		},
		"frame": "task",
		"show_toast": true,
		"announce_to_chat": true,
		"hidden": false
	},
	"parent": "stardust:visible/stuff/stardust_block",
	"criteria": {
		"requirement": {
			"trigger": "minecraft:inventory_changed",
			"conditions": {
				"items": [
					{
						"tag": "stardust:items",
						"nbt": "{stardust:{stardust_apple:1b}}"
					}
				]
			}
		}
	}
}
