{
	"display": {
		"icon": {
			"item": "minecraft:command_block",
			"nbt": "{CustomModelData:2013040}"
		},
		"title": {
			"text": "Merging the elements",
			"color": "aqua"
		},
		"description": {
			"text": "Craft your first Ultimate Fragment",
			"color": "green"
		},
		"frame": "task",
		"show_toast": true,
		"announce_to_chat": true,
		"hidden": false
	},
	"parent": "stardust:hidden/after_original_stardust_armor",
	"criteria": {
		"requirement": {
			"trigger": "minecraft:inventory_changed",
			"conditions": {
				"items": [
					{
						"tag": "stardust:items",
						"nbt": "{stardust:{ultimate_fragment:1b}}"
					}
				]
			}
		}
	}
}
