{
	"display": {
		"icon": {
			"item": "minecraft:command_block",
			"nbt": "{CustomModelData:2013014}"
		},
		"title": {
			"text": "How many blue concrete?!!",
			"color": "aqua"
		},
		"description": {
			"text": "Compact again 9 of your Compacted Stardusts",
			"color": "green"
		},
		"frame": "task",
		"show_toast": true,
		"announce_to_chat": true,
		"hidden": false
	},
	"parent": "stardust:visible/stuff/compacted_stardust",
	"criteria": {
		"requirement": {
			"trigger": "minecraft:inventory_changed",
			"conditions": {
				"items": [
					{
						"tag": "stardust:items",
						"nbt": "{stardust:{very_compacted_stardust:1b}}"
					}
				]
			}
		}
	}
}
