{
	"display": {
		"icon": { "item": "minecraft:warped_fungus_on_a_stick", "nbt": "{CustomModelData:2013171}" },
		"title": { "text": "Teleport to my friends", "color": "aqua" },
		"description": { "text": "Obtain a Wormhole Potion", "color": "green" },
		"frame": "task",
		"show_toast": true,
		"announce_to_chat": true,
		"hidden": false
	},
	"parent": "stardust:visible/stuff/travel_staff",
	"criteria": { "requirement": {
		"trigger": "minecraft:inventory_changed",
		"conditions": { "items": [{
			"tag": "stardust:items",
			"nbt": "{stardust:{wormhole_potion:1b}}"
		}]}
	}}
}
