[
  {
    "function": "minecraft:set_attributes",
    "modifiers": [
      {
        "attribute": "minecraft:generic.knockback_resistance",
        "name": "",
        "amount": 0.25,
        "operation": "addition",
        "slot": "offhand"
      },
      {
        "attribute": "minecraft:generic.knockback_resistance",
        "name": "",
        "amount": 0.25,
        "operation": "addition",
        "slot": 
          "mainhand"
      }
    ],
    "conditions": [
      {
        "condition": "minecraft:entity_properties",
        "entity": "this",
        "predicate": {
          "nbt": "{Item:{tag:{CustomEnchantments:[{id:\"AntiKnockback\",lvl:1}]}}}"
        }
      }
    ]
  },
  {
    "function": "minecraft:set_attributes",
    "modifiers": [
      {
        "attribute": "minecraft:generic.knockback_resistance",
        "name": "",
        "amount": 0.5,
        "operation": "addition",
        "slot": "offhand"
      },
      {
        "attribute": "minecraft:generic.knockback_resistance",
        "name": "",
        "amount": 0.5,
        "operation": "addition",
        "slot": 
          "mainhand"
      }
    ],
    "conditions": [
      {
        "condition": "minecraft:entity_properties",
        "entity": "this",
        "predicate": {
          "nbt": "{Item:{tag:{CustomEnchantments:[{id:\"AntiKnockback\",lvl:2}]}}}"
        }
      }
    ]
  }
]
