[
  {
    "function": "minecraft:set_attributes",
    "modifiers": [
      {
        "attribute": "minecraft:generic.attack_speed",
        "name": "",
        "amount": 1.4,
        "operation": "addition",
        "slot": "mainhand"
      },
      {
        "attribute": "minecraft:generic.attack_damage",
        "name": "",
        "amount": 9,
        "operation": "addition",
        "slot": "mainhand"
      }
    ],
    "conditions": [
      {
        "condition": "minecraft:entity_properties",
        "entity": "this",
        "predicate": {
          "nbt": "{Item:{id:\"minecraft:trident\",tag:{CustomEnchantments:[{id:\"AttackSpeed\",lvl:1}]}}}"
        }
      }
    ]
  },
  {
    "function": "minecraft:set_attributes",
    "modifiers": [
      {
        "attribute": "minecraft:generic.attack_speed",
        "name": "",
        "amount": 1.7,
        "operation": "addition",
        "slot": "mainhand"
      },
      {
        "attribute": "minecraft:generic.attack_damage",
        "name": "",
        "amount": 9,
        "operation": "addition",
        "slot": "mainhand"
      }
    ],
    "conditions": [
      {
        "condition": "minecraft:entity_properties",
        "entity": "this",
        "predicate": {
          "nbt": "{Item:{id:\"minecraft:trident\",tag:{CustomEnchantments:[{id:\"AttackSpeed\",lvl:2}]}}}"
        }
      }
    ]
  },
  {
    "function": "minecraft:set_attributes",
    "modifiers": [
      {
        "attribute": "minecraft:generic.attack_speed",
        "name": "",
        "amount": 2,
        "operation": "addition",
        "slot": "mainhand"
      },
      {
        "attribute": "minecraft:generic.attack_damage",
        "name": "",
        "amount": 9,
        "operation": "addition",
        "slot": "mainhand"
      }
    ],
    "conditions": [
      {
        "condition": "minecraft:entity_properties",
        "entity": "this",
        "predicate": {
          "nbt": "{Item:{id:\"minecraft:trident\",tag:{CustomEnchantments:[{id:\"AttackSpeed\",lvl:3}]}}}"
        }
      }
    ]
  },










  {
    "function": "minecraft:set_attributes",
    "modifiers": [
      {
        "attribute": "minecraft:generic.attack_speed",
        "name": "",
        "amount": 1.9,
        "operation": "addition",
        "slot": "mainhand"
      }
    ],
    "conditions": [
      {
        "condition": "minecraft:alternative",
        "terms": [
          {
            "condition": "minecraft:entity_properties",
            "entity": "this",
            "predicate": {
              "nbt": "{Item:{id:\"minecraft:netherite_sword\",tag:{CustomEnchantments:[{id:\"AttackSpeed\",lvl:1}]}}}"
            }
          },
          {
            "condition": "minecraft:entity_properties",
            "entity": "this",
            "predicate": {
              "nbt": "{Item:{id:\"minecraft:diamond_sword\",tag:{CustomEnchantments:[{id:\"AttackSpeed\",lvl:1}]}}}"
            }
          },
          {
            "condition": "minecraft:entity_properties",
            "entity": "this",
            "predicate": {
              "nbt": "{Item:{id:\"minecraft:iron_sword\",tag:{CustomEnchantments:[{id:\"AttackSpeed\",lvl:1}]}}}"
            }
          },
          {
            "condition": "minecraft:entity_properties",
            "entity": "this",
            "predicate": {
              "nbt": "{Item:{id:\"minecraft:golden_sword\",tag:{CustomEnchantments:[{id:\"AttackSpeed\",lvl:1}]}}}"
            }
          },
          {
            "condition": "minecraft:entity_properties",
            "entity": "this",
            "predicate": {
              "nbt": "{Item:{id:\"minecraft:stone_sword\",tag:{CustomEnchantments:[{id:\"AttackSpeed\",lvl:1}]}}}"
            }
          },
          {
            "condition": "minecraft:entity_properties",
            "entity": "this",
            "predicate": {
              "nbt": "{Item:{id:\"minecraft:wooden_sword\",tag:{CustomEnchantments:[{id:\"AttackSpeed\",lvl:1}]}}}"
            }
          }          
        ]
      }
    ]
  },
  {
    "function": "minecraft:set_attributes",
    "modifiers": [
      {
        "attribute": "minecraft:generic.attack_speed",
        "name": "",
        "amount": 2.2,
        "operation": "addition",
        "slot": "mainhand"
      }
    ],
    "conditions": [
      {
        "condition": "minecraft:alternative",
        "terms": [
          {
            "condition": "minecraft:entity_properties",
            "entity": "this",
            "predicate": {
              "nbt": "{Item:{id:\"minecraft:netherite_sword\",tag:{CustomEnchantments:[{id:\"AttackSpeed\",lvl:2}]}}}"
            }
          },
          {
            "condition": "minecraft:entity_properties",
            "entity": "this",
            "predicate": {
              "nbt": "{Item:{id:\"minecraft:diamond_sword\",tag:{CustomEnchantments:[{id:\"AttackSpeed\",lvl:2}]}}}"
            }
          },
          {
            "condition": "minecraft:entity_properties",
            "entity": "this",
            "predicate": {
              "nbt": "{Item:{id:\"minecraft:iron_sword\",tag:{CustomEnchantments:[{id:\"AttackSpeed\",lvl:2}]}}}"
            }
          },
          {
            "condition": "minecraft:entity_properties",
            "entity": "this",
            "predicate": {
              "nbt": "{Item:{id:\"minecraft:golden_sword\",tag:{CustomEnchantments:[{id:\"AttackSpeed\",lvl:2}]}}}"
            }
          },
          {
            "condition": "minecraft:entity_properties",
            "entity": "this",
            "predicate": {
              "nbt": "{Item:{id:\"minecraft:stone_sword\",tag:{CustomEnchantments:[{id:\"AttackSpeed\",lvl:2}]}}}"
            }
          },
          {
            "condition": "minecraft:entity_properties",
            "entity": "this",
            "predicate": {
              "nbt": "{Item:{id:\"minecraft:wooden_sword\",tag:{CustomEnchantments:[{id:\"AttackSpeed\",lvl:2}]}}}"
            }
          }          
        ]
      }
    ]
  },
  {
    "function": "minecraft:set_attributes",
    "modifiers": [
      {
        "attribute": "minecraft:generic.attack_speed",
        "name": "",
        "amount": 2.5,
        "operation": "addition",
        "slot": "mainhand"
      }
    ],
    "conditions": [
      {
        "condition": "minecraft:alternative",
        "terms": [
          {
            "condition": "minecraft:entity_properties",
            "entity": "this",
            "predicate": {
              "nbt": "{Item:{id:\"minecraft:netherite_sword\",tag:{CustomEnchantments:[{id:\"AttackSpeed\",lvl:3}]}}}"
            }
          },
          {
            "condition": "minecraft:entity_properties",
            "entity": "this",
            "predicate": {
              "nbt": "{Item:{id:\"minecraft:diamond_sword\",tag:{CustomEnchantments:[{id:\"AttackSpeed\",lvl:3}]}}}"
            }
          },
          {
            "condition": "minecraft:entity_properties",
            "entity": "this",
            "predicate": {
              "nbt": "{Item:{id:\"minecraft:iron_sword\",tag:{CustomEnchantments:[{id:\"AttackSpeed\",lvl:3}]}}}"
            }
          },
          {
            "condition": "minecraft:entity_properties",
            "entity": "this",
            "predicate": {
              "nbt": "{Item:{id:\"minecraft:golden_sword\",tag:{CustomEnchantments:[{id:\"AttackSpeed\",lvl:3}]}}}"
            }
          },
          {
            "condition": "minecraft:entity_properties",
            "entity": "this",
            "predicate": {
              "nbt": "{Item:{id:\"minecraft:stone_sword\",tag:{CustomEnchantments:[{id:\"AttackSpeed\",lvl:3}]}}}"
            }
          },
          {
            "condition": "minecraft:entity_properties",
            "entity": "this",
            "predicate": {
              "nbt": "{Item:{id:\"minecraft:wooden_sword\",tag:{CustomEnchantments:[{id:\"AttackSpeed\",lvl:3}]}}}"
            }
          }          
        ]
      }
    ]
  },











  {
    "function": "minecraft:set_attributes",
    "modifiers": [
      {
        "attribute": "minecraft:generic.attack_damage",
        "name": "",
        "amount": 4,
        "operation": "addition",
        "slot": "mainhand"
      }
    ],
    "conditions": [
      {
        "condition": "minecraft:alternative",
        "terms": [
          {
            "condition": "minecraft:entity_properties",
            "entity": "this",
            "predicate": {
              "nbt": "{Item:{id:\"minecraft:golden_sword\"}}"
            }
          },
          {
            "condition": "minecraft:entity_properties",
            "entity": "this",
            "predicate": {
              "nbt": "{Item:{id:\"minecraft:wooden_sword\"}}"
            }
          }
        ]
      }
    ]
  },
  {
    "function": "minecraft:set_attributes",
    "modifiers": [
      {
        "attribute": "minecraft:generic.attack_damage",
        "name": "",
        "amount": 8,
        "operation": "addition",
        "slot": "mainhand"
      }
    ],
    "conditions": [
      {
        "condition": "minecraft:entity_properties",
        "entity": "this",
        "predicate": {
          "nbt": "{Item:{id:\"minecraft:netherite_sword\"}}"
        }
      }
    ]
  },
  {
    "function": "minecraft:set_attributes",
    "modifiers": [
      {
        "attribute": "minecraft:generic.attack_damage",
        "name": "",
        "amount": 7,
        "operation": "addition",
        "slot": "mainhand"
      }
    ],
    "conditions": [
      {
        "condition": "minecraft:entity_properties",
        "entity": "this",
        "predicate": {
          "nbt": "{Item:{id:\"minecraft:diamond_sword\"}}"
        }
      }
    ]
  },
  {
    "function": "minecraft:set_attributes",
    "modifiers": [
      {
        "attribute": "minecraft:generic.attack_damage",
        "name": "",
        "amount": 6,
        "operation": "addition",
        "slot": "mainhand"
      }
    ],
    "conditions": [
      {
        "condition": "minecraft:entity_properties",
        "entity": "this",
        "predicate": {
          "nbt": "{Item:{id:\"minecraft:iron_sword\"}}"
        }
      }
    ]
  },
  {
    "function": "minecraft:set_attributes",
    "modifiers": [
      {
        "attribute": "minecraft:generic.attack_damage",
        "name": "",
        "amount": 5,
        "operation": "addition",
        "slot": "mainhand"
      }
    ],
    "conditions": [
      {
        "condition": "minecraft:entity_properties",
        "entity": "this",
        "predicate": {
          "nbt": "{Item:{id:\"minecraft:stone_sword\"}}"
        }
      }
    ]
  }
]
