{
  "pools": [
    {
      "rolls": 1,
      "entries": [
        {
          "type": "minecraft:item",
          "name": "minecraft:written_book",
          "functions": [
            {
              "function": "minecraft:set_components",
              "components": {
                "minecraft:custom_model_data": 1439004,
                "minecraft:custom_data": {
                  "smithed": {
                    "id": "grappling_hook:guide"
                  }
                }
              }
            },
            {
              "function": "minecraft:set_name",
              "entity": "this",
              "target": "item_name",
              "name": {
                "translate": "grappling_hook.item.guide",
                "color": "white",
                "fallback": "Guide"
              }
            },
            {
              "function": "minecraft:set_lore",
              "entity": "this",
              "lore": [
                {
                  "translate": "grappling_hook.name",
                  "color": "blue",
                  "italic": true
                }
              ],
              "mode": "replace_all"
            },
            {
              "function": "minecraft:set_components",
              "components": {
                "minecraft:enchantment_glint_override": false
              }
            },
            {
              "function": "minecraft:reference",
              "name": "grappling_hook:v1.1.1/guide"
            },
            {
              "function": "minecraft:reference",
              "name": "grappling_hook:v1.1.1/add_versionning"
            }
          ]
        }
      ]
    }
  ]
}
