{
  "pools": [
    {
      "rolls": 1,
      "entries": [
        {
          "type": "minecraft:item",
          "name": "minecraft:brown_wool",
          "functions": [
            {
              "function": "minecraft:set_components",
              "components": {
                "minecraft:item_name": "{\"text\":\"Mouton Sismique\",\"color\":\"#B37520\"}",
                "minecraft:food": {
                  "saturation": 0,
                  "nutrition": 0,
                  "can_always_eat": true,
                  "eat_seconds": 1024
                },
                "minecraft:lore": [
                  "{'text': 'SheepWars', 'italic': true, 'color': 'blue'}"
                ],
                "minecraft:custom_data": {
                  "sheepwars": {
                    "sismique": true
                  },
                  "smithed": {
                    "ignore": {
                      "functionality": true,
                      "crafting": true
                    }
                  }
                }
              }
            }
          ]
        }
      ]
    }
  ]
}
