[
  {
    "function": "minecraft:set_attributes",
    "modifiers": [
      {
        "attribute": "minecraft:generic.armor",
        "name": "",
        "amount": 2,
        "operation": "addition",
        "slot": "chest"
      }
    ],
    "conditions": [
      {
        "condition": "minecraft:entity_properties",
        "entity": "this",
        "predicate": {
          "equipment": {
            "mainhand": {
              "nbt": "{CustomEnchantments:[{id:\"Armored\",lvl:1}]}"
            }
          }
        }
      }
    ]
  },
  {
    "function": "minecraft:set_attributes",
    "modifiers": [
      {
        "attribute": "minecraft:generic.armor",
        "name": "",
        "amount": 4,
        "operation": "addition",
        "slot": "chest"
      }
    ],
    "conditions": [
      {
        "condition": "minecraft:entity_properties",
        "entity": "this",
        "predicate": {
          "equipment": {
            "mainhand": {
              "nbt": "{CustomEnchantments:[{id:\"Armored\",lvl:2}]}"
            }
          }
        }
      }
    ]
  }
]
