[
  {
    "function": "minecraft:set_attributes",
    "modifiers": [
      {
        "attribute": "minecraft:generic.attack_speed",
        "name": "",
        "amount": 1.4,
        "operation": "addition",
        "slot": "mainhand"
      },
      {
        "attribute": "minecraft:generic.attack_damage",
        "name": "",
        "amount": 9,
        "operation": "addition",
        "slot": "mainhand"
      }
    ],
    "conditions": [
      {
        "condition": "minecraft:entity_properties",
        "entity": "this",
        "predicate": {
          "equipment": {
            "mainhand": {
              "items": [
                "minecraft:trident"
              ],
              "nbt": "{CustomEnchantments:[{id:\"AttackSpeed\",lvl:1}]}"
            }
          }
        }
      }
    ]
  },
  {
    "function": "minecraft:set_attributes",
    "modifiers": [
      {
        "attribute": "minecraft:generic.attack_speed",
        "name": "",
        "amount": 1.7,
        "operation": "addition",
        "slot": "mainhand"
      },
      {
        "attribute": "minecraft:generic.attack_damage",
        "name": "",
        "amount": 9,
        "operation": "addition",
        "slot": "mainhand"
      }
    ],
    "conditions": [
      {
        "condition": "minecraft:entity_properties",
        "entity": "this",
        "predicate": {
          "equipment": {
            "mainhand": {
              "items": [
                "minecraft:trident"
              ],
              "nbt": "{CustomEnchantments:[{id:\"AttackSpeed\",lvl:2}]}"
            }
          }
        }
      }
    ]
  },
  {
    "function": "minecraft:set_attributes",
    "modifiers": [
      {
        "attribute": "minecraft:generic.attack_speed",
        "name": "",
        "amount": 2,
        "operation": "addition",
        "slot": "mainhand"
      },
      {
        "attribute": "minecraft:generic.attack_damage",
        "name": "",
        "amount": 9,
        "operation": "addition",
        "slot": "mainhand"
      }
    ],
    "conditions": [
      {
        "condition": "minecraft:entity_properties",
        "entity": "this",
        "predicate": {
          "equipment": {
            "mainhand": {
              "items": [
                "minecraft:trident"
              ],
              "nbt": "{CustomEnchantments:[{id:\"AttackSpeed\",lvl:3}]}"
            }
          }
        }
      }
    ]
  },










  {
    "function": "minecraft:set_attributes",
    "modifiers": [
      {
        "attribute": "minecraft:generic.attack_speed",
        "name": "",
        "amount": 1.9,
        "operation": "addition",
        "slot": "mainhand"
      }
    ],
    "conditions": [
      {
        "condition": "minecraft:alternative",
        "terms": [
          {
            "condition": "minecraft:entity_properties",
            "entity": "this",
            "predicate": {
              "equipment": {
                "mainhand": {
                  "items": [
                    "minecraft:netherite_sword"
                  ],
                  "nbt": "{CustomEnchantments:[{id:\"AttackSpeed\",lvl:1}]}"
                }
              }
            }
          },
          {
            "condition": "minecraft:entity_properties",
            "entity": "this",
            "predicate": {
              "equipment": {
                "mainhand": {
                  "items": [
                    "minecraft:diamond_sword"
                  ],
                  "nbt": "{CustomEnchantments:[{id:\"AttackSpeed\",lvl:1}]}"
                }
              }
            }
          },
          {
            "condition": "minecraft:entity_properties",
            "entity": "this",
            "predicate": {
              "equipment": {
                "mainhand": {
                  "items": [
                    "minecraft:iron_sword"
                  ],
                  "nbt": "{CustomEnchantments:[{id:\"AttackSpeed\",lvl:1}]}"
                }
              }
            }
          },
          {
            "condition": "minecraft:entity_properties",
            "entity": "this",
            "predicate": {
              "equipment": {
                "mainhand": {
                  "items": [
                    "minecraft:golden_sword"
                  ],
                  "nbt": "{CustomEnchantments:[{id:\"AttackSpeed\",lvl:1}]}"
                }
              }
            }
          },
          {
            "condition": "minecraft:entity_properties",
            "entity": "this",
            "predicate": {
              "equipment": {
                "mainhand": {
                  "items": [
                    "minecraft:stone_sword"
                  ],
                  "nbt": "{CustomEnchantments:[{id:\"AttackSpeed\",lvl:1}]}"
                }
              }
            }
          },
          {
            "condition": "minecraft:entity_properties",
            "entity": "this",
            "predicate": {
              "equipment": {
                "mainhand": {
                  "items": [
                    "minecraft:wooden_sword"
                  ],
                  "nbt": "{CustomEnchantments:[{id:\"AttackSpeed\",lvl:1}]}"
                }
              }
            }
          }          
        ]
      }
    ]
  },
  {
    "function": "minecraft:set_attributes",
    "modifiers": [
      {
        "attribute": "minecraft:generic.attack_speed",
        "name": "",
        "amount": 2.2,
        "operation": "addition",
        "slot": "mainhand"
      }
    ],
    "conditions": [
      {
        "condition": "minecraft:alternative",
        "terms": [
          {
            "condition": "minecraft:entity_properties",
            "entity": "this",
            "predicate": {
              "equipment": {
                "mainhand": {
                  "items": [
                    "minecraft:netherite_sword"
                  ],
                  "nbt": "{CustomEnchantments:[{id:\"AttackSpeed\",lvl:2}]}"
                }
              }
            }
          },
          {
            "condition": "minecraft:entity_properties",
            "entity": "this",
            "predicate": {
              "equipment": {
                "mainhand": {
                  "items": [
                    "minecraft:diamond_sword"
                  ],
                  "nbt": "{CustomEnchantments:[{id:\"AttackSpeed\",lvl:2}]}"
                }
              }
            }
          },
          {
            "condition": "minecraft:entity_properties",
            "entity": "this",
            "predicate": {
              "equipment": {
                "mainhand": {
                  "items": [
                    "minecraft:iron_sword"
                  ],
                  "nbt": "{CustomEnchantments:[{id:\"AttackSpeed\",lvl:2}]}"
                }
              }
            }
          },
          {
            "condition": "minecraft:entity_properties",
            "entity": "this",
            "predicate": {
              "equipment": {
                "mainhand": {
                  "items": [
                    "minecraft:golden_sword"
                  ],
                  "nbt": "{CustomEnchantments:[{id:\"AttackSpeed\",lvl:2}]}"
                }
              }
            }
          },
          {
            "condition": "minecraft:entity_properties",
            "entity": "this",
            "predicate": {
              "equipment": {
                "mainhand": {
                  "items": [
                    "minecraft:stone_sword"
                  ],
                  "nbt": "{CustomEnchantments:[{id:\"AttackSpeed\",lvl:2}]}"
                }
              }
            }
          },
          {
            "condition": "minecraft:entity_properties",
            "entity": "this",
            "predicate": {
              "equipment": {
                "mainhand": {
                  "items": [
                    "minecraft:wooden_sword"
                  ],
                  "nbt": "{CustomEnchantments:[{id:\"AttackSpeed\",lvl:2}]}"
                }
              }
            }
          }          
        ]
      }
    ]
  },
  {
    "function": "minecraft:set_attributes",
    "modifiers": [
      {
        "attribute": "minecraft:generic.attack_speed",
        "name": "",
        "amount": 2.5,
        "operation": "addition",
        "slot": "mainhand"
      }
    ],
    "conditions": [
      {
        "condition": "minecraft:alternative",
        "terms": [
          {
            "condition": "minecraft:entity_properties",
            "entity": "this",
            "predicate": {
              "equipment": {
                "mainhand": {
                  "items": [
                    "minecraft:netherite_sword"
                  ],
                  "nbt": "{CustomEnchantments:[{id:\"AttackSpeed\",lvl:3}]}"
                }
              }
            }
          },
          {
            "condition": "minecraft:entity_properties",
            "entity": "this",
            "predicate": {
              "equipment": {
                "mainhand": {
                  "items": [
                    "minecraft:diamond_sword"
                  ],
                  "nbt": "{CustomEnchantments:[{id:\"AttackSpeed\",lvl:3}]}"
                }
              }
            }
          },
          {
            "condition": "minecraft:entity_properties",
            "entity": "this",
            "predicate": {
              "equipment": {
                "mainhand": {
                  "items": [
                    "minecraft:iron_sword"
                  ],
                  "nbt": "{CustomEnchantments:[{id:\"AttackSpeed\",lvl:3}]}"
                }
              }
            }
          },
          {
            "condition": "minecraft:entity_properties",
            "entity": "this",
            "predicate": {
              "equipment": {
                "mainhand": {
                  "items": [
                    "minecraft:golden_sword"
                  ],
                  "nbt": "{CustomEnchantments:[{id:\"AttackSpeed\",lvl:3}]}"
                }
              }
            }
          },
          {
            "condition": "minecraft:entity_properties",
            "entity": "this",
            "predicate": {
              "equipment": {
                "mainhand": {
                  "items": [
                    "minecraft:stone_sword"
                  ],
                  "nbt": "{CustomEnchantments:[{id:\"AttackSpeed\",lvl:3}]}"
                }
              }
            }
          },
          {
            "condition": "minecraft:entity_properties",
            "entity": "this",
            "predicate": {
              "equipment": {
                "mainhand": {
                  "items": [
                    "minecraft:wooden_sword"
                  ],
                  "nbt": "{CustomEnchantments:[{id:\"AttackSpeed\",lvl:3}]}"
                }
              }
            }
          }          
        ]
      }
    ]
  },











  {
    "function": "minecraft:set_attributes",
    "modifiers": [
      {
        "attribute": "minecraft:generic.attack_damage",
        "name": "",
        "amount": 4,
        "operation": "addition",
        "slot": "mainhand"
      }
    ],
    "conditions": [
      {
        "condition": "minecraft:alternative",
        "terms": [
          {
            "condition": "minecraft:entity_properties",
            "entity": "this",
            "predicate": {
              "equipment": {
                "mainhand": {
                  "items": [
                    "minecraft:golden_sword"
                  ]
                }
              }
            }
          },
          {
            "condition": "minecraft:entity_properties",
            "entity": "this",
            "predicate": {
              "equipment": {
                "mainhand": {
                  "items": [
                    "minecraft:wooden_sword"
                  ]
                }
              }
            }
          }
        ]
      }
    ]
  },
  {
    "function": "minecraft:set_attributes",
    "modifiers": [
      {
        "attribute": "minecraft:generic.attack_damage",
        "name": "",
        "amount": 8,
        "operation": "addition",
        "slot": "mainhand"
      }
    ],
    "conditions": [
      {
        "condition": "minecraft:entity_properties",
        "entity": "this",
        "predicate": {
          "equipment": {
            "mainhand": {
              "items": [
                "minecraft:netherite_sword"
              ]
            }
          }
        }
      }
    ]
  },
  {
    "function": "minecraft:set_attributes",
    "modifiers": [
      {
        "attribute": "minecraft:generic.attack_damage",
        "name": "",
        "amount": 7,
        "operation": "addition",
        "slot": "mainhand"
      }
    ],
    "conditions": [
      {
        "condition": "minecraft:entity_properties",
        "entity": "this",
        "predicate": {
          "equipment": {
            "mainhand": {
              "items": [
                "minecraft:diamond_sword"
              ]
            }
          }
        }
      }
    ]
  },
  {
    "function": "minecraft:set_attributes",
    "modifiers": [
      {
        "attribute": "minecraft:generic.attack_damage",
        "name": "",
        "amount": 6,
        "operation": "addition",
        "slot": "mainhand"
      }
    ],
    "conditions": [
      {
        "condition": "minecraft:entity_properties",
        "entity": "this",
        "predicate": {
          "equipment": {
            "mainhand": {
              "items": [
                "minecraft:iron_sword"
              ]
            }
          }
        }
      }
    ]
  },
  {
    "function": "minecraft:set_attributes",
    "modifiers": [
      {
        "attribute": "minecraft:generic.attack_damage",
        "name": "",
        "amount": 5,
        "operation": "addition",
        "slot": "mainhand"
      }
    ],
    "conditions": [
      {
        "condition": "minecraft:entity_properties",
        "entity": "this",
        "predicate": {
          "equipment": {
            "mainhand": {
              "items": [
                "minecraft:stone_sword"
              ]
            }
          }
        }
      }
    ]
  }
]
