[
  {
    "function": "minecraft:set_attributes",
    "modifiers": [
      {
        "attribute": "minecraft:generic.knockback_resistance",
        "name": "",
        "amount": 0.25,
        "operation": "addition",
        "slot": "offhand"
      },
      {
        "attribute": "minecraft:generic.knockback_resistance",
        "name": "",
        "amount": 0.25,
        "operation": "addition",
        "slot": 
          "mainhand"
      }
    ],
    "conditions": [
      {
        "condition": "minecraft:entity_properties",
        "entity": "this",
        "predicate": {
          "equipment": {
            "mainhand": {
              "nbt": "{CustomEnchantments:[{id:\"AntiKnockback\",lvl:1}]}"
            }
          }
        }
      }
    ]
  },
  {
    "function": "minecraft:set_attributes",
    "modifiers": [
      {
        "attribute": "minecraft:generic.knockback_resistance",
        "name": "",
        "amount": 0.5,
        "operation": "addition",
        "slot": "offhand"
      },
      {
        "attribute": "minecraft:generic.knockback_resistance",
        "name": "",
        "amount": 0.5,
        "operation": "addition",
        "slot": 
          "mainhand"
      }
    ],
    "conditions": [
      {
        "condition": "minecraft:entity_properties",
        "entity": "this",
        "predicate": {
          "equipment": {
            "mainhand": {
              "nbt": "{CustomEnchantments:[{id:\"AntiKnockback\",lvl:2}]}"
            }
          }
        }
      }
    ]
  },








  {
    "function": "minecraft:set_attributes",
    "modifiers": [
      {
        "attribute": "minecraft:generic.armor_toughness",
        "name": "",
        "amount": 2,
        "operation": "addition",
        "slot": "offhand"
      },
      {
        "attribute": "minecraft:generic.armor_toughness",
        "name": "",
        "amount": 2,
        "operation": "addition",
        "slot": "mainhand"
      }
    ],
    "conditions": [
      {
        "condition": "minecraft:entity_properties",
        "entity": "this",
        "predicate": {
          "equipment": {
            "mainhand": {
              "nbt": "{CustomEnchantments:[{id:\"HardnessPlus\",lvl:1}]}"
            }
          }
        }
      }
    ]
  },
  {
    "function": "minecraft:set_attributes",
    "modifiers": [
      {
        "attribute": "minecraft:generic.armor_toughness",
        "name": "",
        "amount": 3,
        "operation": "addition",
        "slot": "offhand"
      },
      {
        "attribute": "minecraft:generic.armor_toughness",
        "name": "",
        "amount": 3,
        "operation": "addition",
        "slot": "mainhand"
      }
    ],
    "conditions": [
      {
        "condition": "minecraft:entity_properties",
        "entity": "this",
        "predicate": {
          "equipment": {
            "mainhand": {
              "nbt": "{CustomEnchantments:[{id:\"HardnessPlus\",lvl:2}]}"
            }
          }
        }
      }
    ]
  },
  {
    "function": "minecraft:set_attributes",
    "modifiers": [
      {
        "attribute": "minecraft:generic.armor_toughness",
        "name": "",
        "amount": 4,
        "operation": "addition",
        "slot": "offhand"
      },
      {
        "attribute": "minecraft:generic.armor_toughness",
        "name": "",
        "amount": 4,
        "operation": "addition",
        "slot": "mainhand"
      }
    ],
    "conditions": [
      {
        "condition": "minecraft:entity_properties",
        "entity": "this",
        "predicate": {
          "equipment": {
            "mainhand": {
              "nbt": "{CustomEnchantments:[{id:\"HardnessPlus\",lvl:3}]}"
            }
          }
        }
      }
    ]
  }
]
