{
  "criteria": {
    "ring_bell": {
      "trigger": "minecraft:item_used_on_block",
      "conditions": {
        "player": [
          {
            "condition": "minecraft:entity_properties",
            "entity": "this",
            "predicate": {
              "flags": {
                "is_sneaking": false
              }
            }
          }
        ],
        "location": {
          "block": {
            "blocks": [
              "minecraft:bell"
            ]
          }
        }
      }
    }
  },
  "rewards": {
    "function": "tcc:entity/illager/ring_bell"
  }
}
