{
  "type": "minecraft:barter",
  "pools": [
    {
      "rolls": 1,
      "entries": [
        {
          "type": "minecraft:alternatives",
          "children": [
            {
              "type": "minecraft:loot_table",
              "name": "tcc:gameplay/piglin_bartering/trust/5",
              "conditions": [
                {
                  "condition": "minecraft:entity_scores",
                  "entity": "this",
                  "scores": {
                    "tcc.dummy2": 5
                  }
                }
              ]
            },
            {
              "type": "minecraft:loot_table",
              "name": "tcc:gameplay/piglin_bartering/trust/4",
              "conditions": [
                {
                  "condition": "minecraft:entity_scores",
                  "entity": "this",
                  "scores": {
                    "tcc.dummy2": 4
                  }
                }
              ]
            },
            {
              "type": "minecraft:loot_table",
              "name": "tcc:gameplay/piglin_bartering/trust/3",
              "conditions": [
                {
                  "condition": "minecraft:entity_scores",
                  "entity": "this",
                  "scores": {
                    "tcc.dummy2": 3
                  }
                }
              ]
            },
            {
              "type": "minecraft:loot_table",
              "name": "tcc:gameplay/piglin_bartering/trust/2",
              "conditions": [
                {
                  "condition": "minecraft:entity_scores",
                  "entity": "this",
                  "scores": {
                    "tcc.dummy2": 2
                  }
                }
              ]
            },
            {
              "type": "minecraft:loot_table",
              "name": "tcc:gameplay/piglin_bartering/trust/1",
              "conditions": [
                {
                  "condition": "minecraft:alternative",
                  "terms": [
                    {
                      "condition": "minecraft:entity_scores",
                      "entity": "this",
                      "scores": {
                        "tcc.dummy2": {
                          "min": 0,
                          "max": 1
                        }
                      }
                    },
                    {
                      "condition": "minecraft:inverted",
                      "term": {
                        "condition": "minecraft:entity_scores",
                        "entity": "this",
                        "scores": {
                          "tcc.dummy2": {
                            "min": -2147483647,
                            "max": 2147483647
                          }
                        }
                      }
                    }
                  ]
                }
              ]
            }
          ]
        }
      ]
    }
  ],
  "__smithed__": {
    "rules": [
      {
        "type":"smithed:merge",
        "target":"pools[0]",
        "source":{
          "type":"smithed:reference",
          "path":"pools[0]"
        }
      }
    ]
  }
}
