{
  "providers": [
    {
      "type": "space",
      "advances": {
        " ": 4,
        "\uc000": -12,
        "\uc001": -166
      }
    },
    {
      "type": "bitmap",
      "file": "smithed.crafter:gui/table.png",
      "ascent": 14,
      "height": 176.0,
      "chars": [
        "\uc002"
      ]
    },
    {
      "type": "space",
      "advances": {
        " ": 4,
        "\uc000": -12,
        "\uc001": -166
      }
    },
    {
      "type": "bitmap",
      "file": "smithed.crafter:gui/table.png",
      "ascent": 14,
      "height": 176.0,
      "chars": [
        "\uc002"
      ]
    },
    {
      "type": "space",
      "advances": {
        " ": 4,
        "\uc000": -12,
        "\uc001": -166
      }
    },
    {
      "type": "bitmap",
      "file": "smithed.crafter:gui/table.png",
      "ascent": 14,
      "height": 176.0,
      "chars": [
        "\uc002"
      ]
    }
  ]
}
