{
    "pools": [
      {
        "rolls": 1,
        "entries": [
          {
            "type": "minecraft:item",
            "name": "minecraft:crossbow",
            "functions": [
              {
                "function": "minecraft:set_nbt",
                "tag": "{display:{Name:'[{\"text\":\"Momentum Hookshot\",\"color\":\"aqua\",\"italic\":false}]',Lore:['{\"text\":\" \"}','{\"text\":\"[RClick: Shoot Hook]\",\"color\":\"white\",\"italic\":false}','{\"text\":\" \"}','{\"keybind\":\"\\\\\"物理法則を完全に無視している\\\\\"\",\"color\":\"gray\",\"italic\":false}']},CustomModelData:38,Charged:1b,ChuzData:{ItemID:Momentum_Hookshot}}"
              }
            ]
          }
        ]
      }
    ]
  }