{
	"type": "minecraft:smelting",
	"ingredient": {
		"item": "minecraft:command_block"
	},
	"result": {
		"id": "minecraft:structure_block",
		"count": 1,
		"components": {
			"minecraft:custom_data": {
				"smithed": {
					"dict": {
						"ingot": {
							"titanium": true
						}
					}
				},
				"mechanization": {
					"id": "titanium_ingot"
				}
			},
			"minecraft:item_name": "{'translate':'simplenergy.titanium_ingot', 'italic': false, 'color': 'white'}",
			"minecraft:lore": [
				"[{'translate':'simplenergy.mechanization', 'italic': true, 'color': 'blue'}]"
			]
		}
	},
	"experience": 0.8,
	"cookingtime": 200
}
