{
  "parent": "minecraft:recipes/root",
  "criteria": {
    "has_the_recipe": {
      "conditions": {
        "recipe": "minecraft:waxed_weathered_chiseled_copper"
      },
      "trigger": "minecraft:recipe_unlocked"
    },
    "has_waxed_weathered_cut_copper_slab": {
      "conditions": {
        "items": [
          {
            "items": [
              "minecraft:waxed_weathered_cut_copper_slab"
            ]
          }
        ]
      },
      "trigger": "minecraft:inventory_changed"
    }
  },
  "requirements": [
    [
      "has_the_recipe",
      "has_waxed_weathered_cut_copper_slab"
    ]
  ],
  "rewards": {
    "recipes": [
      "minecraft:waxed_weathered_chiseled_copper"
    ]
  }
}