{
  "display": {
    "icon": {
      "item": "minecraft:command_block"
    },
    "title": {
      "translate":"Customizable gameplay"
    },
    "description": {
      "translate": "You have accessed the config Menu",
      "color": "white"
    },
    "frame": "task",
    "show_toast": true,
    "announce_to_chat": false,
    "hidden": true
  },
  "parent": "enchantplus:progress/start/guide_book",
  "criteria": {
    "requirement": {
      "trigger": "minecraft:impossible"
    }
  }
}
