{
  "display": {
    "icon": {
      "item": "minecraft:book"
    },
    "title": {
      "translate":"Exceed the limit"
    },
    "description": {
      "translate": "Get an exceeded vanilla enchanted book!",
      "color": "green"
    },
    "frame": "goal",
    "show_toast": true,
    "announce_to_chat": false,
    "hidden": false
  },
  "parent": "enchantplus:progress/start/cheats",
  "criteria": {
    "requirement": {
      "trigger": "minecraft:inventory_changed",
      "conditions": {
        "items": [
          {
            "items": [
              "minecraft:written_book"
            ],
            "nbt": "{MaxEnch:1b}"
          }
        ]
      }
    }
  }
}
