{
  "display": {
    "icon": {
      "item": "minecraft:book",
      "nbt": "{Enchantments:[{}]}"
    },
    "title":{
      "translate": "Vanilla +"
    },
    "description": {
      "translate": "Get the 12 new max level enchantment books",
      "color": "dark_purple"
    },
    "frame": "challenge",
    "show_toast": true,
    "announce_to_chat": false,
    "hidden": false
  },
  "parent": "enchadv:start/configuration/vanilla_plus",
  "criteria": {
    "got_efficiency6": {
      "trigger": "minecraft:inventory_changed",
      "conditions": {
        "items": [
          {
            "items": [
              "minecraft:enchanted_book"
            ],
            "nbt": "{MaxEnch:1b,StoredEnchantments:[{id:\"minecraft:efficiency\",lvl:6s}]}"
          }
        ]
      }
    },
    "got_feather_falling5": {
      "trigger": "minecraft:inventory_changed",
      "conditions": {
        "items": [
          {
            "items": [
              "minecraft:enchanted_book"
            ],
            "nbt": "{MaxEnch:1b,StoredEnchantments:[{id:\"minecraft:feather_falling\",lvl:5s}]}"
          }
        ]
      }
    },
    "got_fortune4": {
      "trigger": "minecraft:inventory_changed",
      "conditions": {
        "items": [
          {
            "items": [
              "minecraft:enchanted_book"
            ],
            "nbt": "{MaxEnch:1b,StoredEnchantments:[{id:\"minecraft:fortune\",lvl:4s}]}"
          }
        ]
      }
    },
    "got_impaling6": {
      "trigger": "minecraft:inventory_changed",
      "conditions": {
        "items": [
          {
            "items": [
              "minecraft:enchanted_book"
            ],
            "nbt": "{MaxEnch:1b,StoredEnchantments:[{id:\"minecraft:impaling\",lvl:6s}]}"
          }
        ]
      }
    },
    "got_looting4": {
      "trigger": "minecraft:inventory_changed",
      "conditions": {
        "items": [
          {
            "items": [
              "minecraft:enchanted_book"
            ],
            "nbt": "{MaxEnch:1b,StoredEnchantments:[{id:\"minecraft:looting\",lvl:4s}]}"
          }
        ]
      }
    },




    "got_luck_of_the_sea4": {
      "trigger": "minecraft:inventory_changed",
      "conditions": {
        "items": [
          {
            "items": [
              "minecraft:enchanted_book"
            ],
            "nbt": "{MaxEnch:1b,StoredEnchantments:[{id:\"minecraft:luck_of_the_sea\",lvl:4s}]}"
          }
        ]
      }
    },
    "got_luck_of_the_sea5": {
      "trigger": "minecraft:inventory_changed",
      "conditions": {
        "items": [
          {
            "items": [
              "minecraft:enchanted_book"
            ],
            "nbt": "{MaxEnch:1b,StoredEnchantments:[{id:\"minecraft:luck_of_the_sea\",lvl:5s}]}"
          }
        ]
      }
    },




    "got_lure4": {
      "trigger": "minecraft:inventory_changed",
      "conditions": {
        "items": [
          {
            "items": [
              "minecraft:enchanted_book"
            ],
            "nbt": "{MaxEnch:1b,StoredEnchantments:[{id:\"minecraft:lure\",lvl:4s}]}"
          }
        ]
      }
    },
    "got_lure5": {
      "trigger": "minecraft:inventory_changed",
      "conditions": {
        "items": [
          {
            "items": [
              "minecraft:enchanted_book"
            ],
            "nbt": "{MaxEnch:1b,StoredEnchantments:[{id:\"minecraft:lure\",lvl:5s}]}"
          }
        ]
      }
    },




    "got_power6": {
      "trigger": "minecraft:inventory_changed",
      "conditions": {
        "items": [
          {
            "items": [
              "minecraft:enchanted_book"
            ],
            "nbt": "{MaxEnch:1b,StoredEnchantments:[{id:\"minecraft:power\",lvl:6s}]}"
          }
        ]
      }
    },
    "got_protection5": {
      "trigger": "minecraft:inventory_changed",
      "conditions": {
        "items": [
          {
            "items": [
              "minecraft:enchanted_book"
            ],
            "nbt": "{MaxEnch:1b,StoredEnchantments:[{id:\"minecraft:protection\",lvl:5s}]}"
          }
        ]
      }
    },
    "got_respiration4": {
      "trigger": "minecraft:inventory_changed",
      "conditions": {
        "items": [
          {
            "items": [
              "minecraft:enchanted_book"
            ],
            "nbt": "{MaxEnch:1b,StoredEnchantments:[{id:\"minecraft:respiration\",lvl:4s}]}"
          }
        ]
      }
    },




    "got_sharpness6": {
      "trigger": "minecraft:inventory_changed",
      "conditions": {
        "items": [
          {
            "items": [
              "minecraft:enchanted_book"
            ],
            "nbt": "{MaxEnch:1b,StoredEnchantments:[{id:\"minecraft:sharpness\",lvl:6s}]}"
          }
        ]
      }
    },
    "got_sharpness7": {
      "trigger": "minecraft:inventory_changed",
      "conditions": {
        "items": [
          {
            "items": [
              "minecraft:enchanted_book"
            ],
            "nbt": "{MaxEnch:1b,StoredEnchantments:[{id:\"minecraft:sharpness\",lvl:7s}]}"
          }
        ]
      }
    },




    "got_unbreaking4": {
      "trigger": "minecraft:inventory_changed",
      "conditions": {
        "items": [
          {
            "items": [
              "minecraft:enchanted_book"
            ],
            "nbt": "{MaxEnch:1b,StoredEnchantments:[{id:\"minecraft:unbreaking\",lvl:4s}]}"
          }
        ]
      }
    },
    "got_unbreaking5": {
      "trigger": "minecraft:inventory_changed",
      "conditions": {
        "items": [
          {
            "items": [
              "minecraft:enchanted_book"
            ],
            "nbt": "{MaxEnch:1b,StoredEnchantments:[{id:\"minecraft:unbreaking\",lvl:5s}]}"
          }
        ]
      }
    }
  },
  "requirements": [
    [
      "got_efficiency6"
    ],
    [
      "got_feather_falling5"
    ],
    [
      "got_fortune4"
    ],
    [
      "got_impaling6"
    ],
    [
      "got_looting4"
    ],
    [
      "got_luck_of_the_sea4",
      "got_luck_of_the_sea5"
    ],
    [
      "got_lure4",
      "got_lure5"
    ],
    [
      "got_power6"
    ],
    [
      "got_protection5"
    ],
    [
      "got_respiration4"
    ],
    [
      "got_sharpness6",
      "got_sharpness7"
    ],
    [
      "got_unbreaking4",
      "got_unbreaking5"
    ]
  ]
}
