{
	"display": {
		"icon": {"id": "minecraft:golden_apple", "components": {"minecraft:custom_model_data": 2013173}},
		"title": {"text": "Bénévolat", "color": "yellow"},
		"description": {"text": "Help to build a map or create a mini-game", "color": "aqua"},
		"frame": "task",
		"show_toast": true,
		"announce_to_chat": true,
		"hidden": false
	},
	"criteria": {"requirement": {"trigger": "minecraft:impossible"}},
	"requirements": [["requirement"]],
	"rewards": {"function": "switch:advancements/easy"},
	"parent": "switch:visible/categories/easy"
}
