{
	"display": {
		"icon": {"id": "minecraft:paper"},
		"title": {"text": "Contre Courant", "color": "yellow"},
		"description": {"text": "Get at least 8 people to vote for an unpopular game (Feed Fast, Snowball Painter, etc.)", "color": "aqua"},
		"frame": "task",
		"show_toast": true,
		"announce_to_chat": true,
		"hidden": false
	},
	"criteria": {"requirement": {"trigger": "minecraft:impossible"}},
	"requirements": [["requirement"]],
	"rewards": {"function": "switch:advancements/medium"},
	"parent": "switch:visible/categories/medium"
}
