{
	"display": {
		"icon": {"id": "minecraft:white_tulip"},
		"title": {"text": "Pacifiste", "color": "yellow"},
		"description": {"text": "Survive 100 seconds in Pitchout without taking a single hit", "color": "aqua"},
		"frame": "task",
		"show_toast": true,
		"announce_to_chat": true,
		"hidden": false
	},
	"criteria": {"requirement": {"trigger": "minecraft:impossible"}},
	"requirements": [["requirement"]],
	"rewards": {"function": "switch:advancements/easy"},
	"parent": "switch:visible/78"
}
