{
	"display": {
		"icon": {"id": "minecraft:zombie_head"},
		"title": {"text": "Héro Humanitaire","color": "yellow"},
		"description": {"text": "Kill at least 8 zombies in one game of Infected","color": "aqua"},
		"frame": "task",
		"show_toast": true,
		"announce_to_chat": true,
		"hidden": false
	},
	"criteria": {
		"requirement": {"trigger": "minecraft:impossible"}
	},
	"requirements": [
		["requirement"]
	],
	"rewards": {
		"function": "switch:advancements/hard"
	},
	"parent": "switch:visible/73"
}
