{
	"display": {
		"icon": {"id": "minecraft:rotten_flesh"},
		"title": {"text": "Vive la chair","color": "yellow"},
		"description": {"text": "Infect 5 survivors in one game of Infected","color": "aqua"},
		"frame": "task",
		"show_toast": true,
		"announce_to_chat": true,
		"hidden": false
	},
	"criteria": {
		"requirement": {"trigger": "minecraft:impossible"}
	},
	"requirements": [
		["requirement"]
	],
	"rewards": {
		"function": "switch:advancements/hard"
	},
	"parent": "switch:visible/16"
}
