{
	"display": {
		"icon": {"id": "minecraft:iron_sword","components": {"minecraft:enchantment_glint_override": true}},
		"title": {"text": "Roi fantôme","color": "yellow"},
		"description": {"text": "Kill 3 people as a spectre in Spectres Games","color": "aqua"},
		"frame": "task",
		"show_toast": true,
		"announce_to_chat": true,
		"hidden": false
	},
	"criteria": {
		"requirement": {"trigger": "minecraft:impossible"}
	},
	"requirements": [
		["requirement"]
	],
	"rewards": {
		"function": "switch:advancements/hard"
	},
	"parent": "switch:visible/12"
}
