{
	"display": {
		"icon": {"id": "minecraft:minecart"},
		"title": {"text": "Fusée","color": "yellow"},
		"description": {"text": "Overtake 5 players in the last lap of Kart Racer","color": "aqua"},
		"frame": "task",
		"show_toast": true,
		"announce_to_chat": true,
		"hidden": false
	},
	"criteria": {
		"requirement": {"trigger": "minecraft:impossible"}
	},
	"requirements": [
		["requirement"]
	],
	"rewards": {
		"function": "switch:advancements/medium"
	},
	"parent": "switch:visible/19"
}
