{
	"display": {
		"icon": {"id": "minecraft:bow","components": {"minecraft:custom_model_data": 2013151}},
		"title": {"text": "Homophobe","color": "yellow"},
		"description": {"text": "Put at least 42 arrows in Guy Shooter","color": "aqua"},
		"frame": "task",
		"show_toast": true,
		"announce_to_chat": true,
		"hidden": false
	},
	"criteria": {
		"requirement": {"trigger": "minecraft:impossible"}
	},
	"requirements": [
		["requirement"]
	],
	"rewards": {
		"function": "switch:advancements/hard"
	},
	"parent": "switch:visible/48"
}
