{
	"display": {
		"icon": {"id": "minecraft:feather"},
		"title": {"text": "Pélican","color": "yellow"},
		"description": {"text": "Be the one with the most kills in Cigogne (ties allowed)","color": "aqua"},
		"frame": "task",
		"show_toast": true,
		"announce_to_chat": true,
		"hidden": false
	},
	"criteria": {
		"requirement": {"trigger": "minecraft:impossible"}
	},
	"requirements": [
		["requirement"]
	],
	"rewards": {
		"function": "switch:advancements/medium"
	},
	"parent": "switch:visible/21"
}
