{
	"display": {
		"icon": {"id": "minecraft:red_stained_glass"},
		"title": {"text": "Sam Flynn","color": "yellow"},
		"description": {"text": "Eliminate 3 players with your trail in Moutron","color": "aqua"},
		"frame": "task",
		"show_toast": true,
		"announce_to_chat": true,
		"hidden": false
	},
	"criteria": {
		"requirement": {"trigger": "minecraft:impossible"}
	},
	"requirements": [
		["requirement"]
	],
	"rewards": {
		"function": "switch:advancements/hard"
	},
	"parent": "switch:visible/25"
}
