{
	"display": {
		"icon": {"id": "minecraft:gold_nugget"},
		"title": {"text": "La moula","color": "yellow"},
		"description": {"text": "Have at least 400 Sapphires in your bank","color": "aqua"},
		"frame": "task",
		"show_toast": true,
		"announce_to_chat": true,
		"hidden": false
	},
	"criteria": {
		"requirement": {"trigger": "minecraft:impossible"}
	},
	"requirements": [
		["requirement"]
	],
	"rewards": {
		"function": "switch:advancements/easy"
	},
	"parent": "switch:visible/2"
}
