{
	"display": {
		"icon": {"id": "minecraft:stone","components": {"minecraft:item_model": "switch:ultimate_fragment"}},
		"title": {"text": "Légende","color": "yellow"},
		"description": {"text": "Win 5 mini-games in a row","color": "aqua"},
		"frame": "task",
		"show_toast": true,
		"announce_to_chat": true,
		"hidden": false
	},
	"criteria": {
		"requirement": {"trigger": "minecraft:impossible"}
	},
	"requirements": [
		["requirement"]
	],
	"rewards": {
		"function": "switch:advancements/hard"
	},
	"parent": "switch:visible/categories/hard"
}
