{
	"display": {
		"icon": {"id": "minecraft:wither_rose"},
		"title": {"text": "Reste dans ta tombe","color": "yellow"},
		"description": {"text": "Kill the ninja twice in Traitors Game","color": "aqua"},
		"frame": "task",
		"show_toast": true,
		"announce_to_chat": true,
		"hidden": false
	},
	"criteria": {
		"requirement": {"trigger": "minecraft:impossible"}
	},
	"requirements": [
		["requirement"]
	],
	"rewards": {
		"function": "switch:advancements/medium"
	},
	"parent": "switch:visible/31"
}
