{
	"display": {
		"icon": {"id": "minecraft:yellow_banner"},
		"title": {"text": "Rush Thief","color": "yellow"},
		"description": {"text": "Secure the enemy flag in Capture/Rush The Flag","color": "aqua"},
		"frame": "task",
		"show_toast": true,
		"announce_to_chat": true,
		"hidden": false
	},
	"criteria": {
		"requirement": {"trigger": "minecraft:impossible"}
	},
	"requirements": [
		["requirement"]
	],
	"rewards": {
		"function": "switch:advancements/medium"
	},
	"parent": "switch:visible/29"
}
