{
	"display": {
		"icon": {"id": "minecraft:gold_ingot"},
		"title": {"text": "Monopoly","color": "yellow"},
		"description": {"text": "Collect 20 gold ingots in one game of Murder Mystery","color": "aqua"},
		"frame": "task",
		"show_toast": true,
		"announce_to_chat": true,
		"hidden": false
	},
	"criteria": {
		"requirement": {"trigger": "minecraft:impossible"}
	},
	"requirements": [
		["requirement"]
	],
	"rewards": {
		"function": "switch:advancements/easy"
	},
	"parent": "switch:visible/69"
}
