{
	"display": {
		"icon": {"id": "minecraft:heavy_weighted_pressure_plate"},
		"title": {"text": "Contre son camp","color": "yellow"},
		"description": {"text": "Step on your own mine in Memory Mine","color": "aqua"},
		"frame": "task",
		"show_toast": true,
		"announce_to_chat": true,
		"hidden": false
	},
	"criteria": {
		"requirement": {"trigger": "minecraft:impossible"}
	},
	"requirements": [
		["requirement"]
	],
	"rewards": {
		"function": "switch:advancements/easy"
	},
	"parent": "switch:visible/35"
}
