{
	"display": {
		"icon": {"id": "minecraft:orange_stained_glass"},
		"title": {"text": "Regarde ma queue","color": "yellow"},
		"description": {"text": "Have a 15-second trail in Moutron","color": "aqua"},
		"frame": "task",
		"show_toast": true,
		"announce_to_chat": true,
		"hidden": false
	},
	"criteria": {
		"requirement": {"trigger": "minecraft:impossible"}
	},
	"requirements": [
		["requirement"]
	],
	"rewards": {
		"function": "switch:advancements/medium"
	},
	"parent": "switch:visible/32"
}
