{
	"display": {
		"icon": {"id": "minecraft:snowball"},
		"title": {"text": "Précision Artistique", "color": "yellow"},
		"description": {"text": "Finish a game of Snowball Painter with exactly 51 points", "color": "aqua"},
		"frame": "task",
		"show_toast": true,
		"announce_to_chat": true,
		"hidden": false
	},
	"criteria": {"requirement": {"trigger": "minecraft:impossible"}},
	"requirements": [["requirement"]],
	"rewards": {"function": "switch:advancements/hard"},
	"parent": "switch:visible/27"
}
