{
	"display": {
		"icon": {"id": "minecraft:player_head","components": {"minecraft:profile": {"name": "Xiaojuuun"}}},
		"title": {"text": "Harcelé","color": "yellow"},
		"description": {"text": "Be killed 3 times by the same person in Pitchout","color": "aqua"},
		"frame": "task",
		"show_toast": true,
		"announce_to_chat": true,
		"hidden": false
	},
	"criteria": {
		"requirement": {"trigger": "minecraft:impossible"}
	},
	"requirements": [
		["requirement"]
	],
	"rewards": {
		"function": "switch:advancements/medium"
	},
	"parent": "switch:visible/67"
}
