{
	"display": {
		"icon": {"id": "minecraft:obsidian"},
		"title": {"text": "Avide","color": "yellow"},
		"description": {"text": "Destroy 5 obsidian blocks in a game of Rush The Point","color": "aqua"},
		"frame": "task",
		"show_toast": true,
		"announce_to_chat": true,
		"hidden": false
	},
	"criteria": {
		"requirement": {"trigger": "minecraft:impossible"}
	},
	"requirements": [
		["requirement"]
	],
	"rewards": {
		"function": "switch:advancements/medium"
	},
	"parent": "switch:visible/33"
}
