{
	"display": {
		"icon": {"id": "minecraft:emerald_block"},
		"title": {"text": "C'est tout naturel","color": "yellow"},
		"description": {"text": "Push a player towards a hole in Simultaneous Jump","color": "aqua"},
		"frame": "task",
		"show_toast": true,
		"announce_to_chat": true,
		"hidden": false
	},
	"criteria": {
		"requirement": {"trigger": "minecraft:impossible"}
	},
	"requirements": [
		["requirement"]
	],
	"rewards": {
		"function": "switch:advancements/medium"
	},
	"parent": "switch:visible/38"
}
