{
	"display": {
		"icon": {"id": "minecraft:mutton"},
		"title": {"text": "Humm Charal !","color": "yellow"},
		"description": {"text": "Kill 10 sheep in one game of SheepWars","color": "aqua"},
		"frame": "task",
		"show_toast": true,
		"announce_to_chat": true,
		"hidden": false
	},
	"criteria": {
		"requirement": {"trigger": "minecraft:impossible"}
	},
	"requirements": [
		["requirement"]
	],
	"rewards": {
		"function": "switch:advancements/easy"
	},
	"parent": "switch:visible/11"
}
