{
	"display": {
		"icon": {"id": "minecraft:red_wool"},
		"title": {"text": "Automutilation","color": "yellow"},
		"description": {"text": "Kill yourself with a sheep in SheepWars","color": "aqua"},
		"frame": "task",
		"show_toast": true,
		"announce_to_chat": true,
		"hidden": false
	},
	"criteria": {
		"requirement": {"trigger": "minecraft:impossible"}
	},
	"requirements": [
		["requirement"]
	],
	"rewards": {
		"function": "switch:advancements/easy"
	},
	"parent": "switch:visible/45"
}
