{
	"display": {
		"icon": {"id": "minecraft:packed_ice"},
		"title": {"text": "Il a rien compris lui","color": "yellow"},
		"description": {"text": "Run 500 blocks in one game of Pitchout","color": "aqua"},
		"frame": "task",
		"show_toast": true,
		"announce_to_chat": true,
		"hidden": false
	},
	"criteria": {
		"requirement": {"trigger": "minecraft:impossible"}
	},
	"requirements": [
		["requirement"]
	],
	"rewards": {
		"function": "switch:advancements/easy"
	},
	"parent": "switch:visible/13"
}
