{
	"display": {
		"icon": {"id": "minecraft:yellow_concrete"},
		"title": {"text": "Damidot","color": "yellow"},
		"description": {"text": "Receive a Legendary rating in Build Battle","color": "aqua"},
		"frame": "task",
		"show_toast": true,
		"announce_to_chat": true,
		"hidden": false
	},
	"criteria": {
		"requirement": {"trigger": "minecraft:impossible"}
	},
	"requirements": [
		["requirement"]
	],
	"rewards": {
		"function": "switch:advancements/medium"
	},
	"parent": "switch:visible/28"
}
