{
	"display": {
		"icon": {"id": "minecraft:magma_block"},
		"title": {"text": "The Volcano Core", "color": "yellow"},
		"description": {"text": "Complete the Lost Graveyard Remastered map secret in Infected", "color": "aqua"},
		"frame": "challenge",
		"show_toast": true,
		"announce_to_chat": true,
		"hidden": false
	},
	"criteria": {"requirement": {"trigger": "minecraft:impossible"}},
	"requirements": [["requirement"]],
	"rewards": {"function": "switch:advancements/hard"},
	"parent": "switch:visible/51"
}
