{
	"display": {
		"icon": {"id": "minecraft:quartz_block"},
		"title": {"text": "Storm Area","color": "yellow"},
		"description": {"text": "Complete the Area51 map secret in Infected","color": "aqua"},
		"frame": "challenge",
		"show_toast": true,
		"announce_to_chat": true,
		"hidden": false
	},
	"criteria": {
		"requirement": {"trigger": "minecraft:impossible"}
	},
	"requirements": [
		["requirement"]
	],
	"rewards": {
		"function": "switch:advancements/hard"
	},
	"parent": "switch:visible/52"
}
