{
	"display": {
		"icon": {"id": "minecraft:command_block", "components": {"minecraft:custom_model_data": 2013001}},
		"title": {"text": "Secret Slayer", "color": "yellow"},
		"description": {"text": "Complete all map secrets in Infected game mode", "color": "aqua"},
		"frame": "challenge",
		"show_toast": true,
		"announce_to_chat": true,
		"hidden": false
	},
	"criteria": {"requirement": {"trigger": "minecraft:impossible"}},
	"requirements": [["requirement"]],
	"rewards": {"function": "switch:advancements/hard"},
	"parent": "switch:visible/53"
}
