{
	"display": {
		"icon": {"id": "minecraft:diamond"},
		"title": {"text": "Stomp","color": "yellow"},
		"description": {"text": "Complete a game of Rush The Point by reaching 7500 points","color": "aqua"},
		"frame": "task",
		"show_toast": true,
		"announce_to_chat": true,
		"hidden": false
	},
	"criteria": {
		"requirement": {"trigger": "minecraft:impossible"}
	},
	"requirements": [
		["requirement"]
	],
	"rewards": {
		"function": "switch:advancements/medium"
	},
	"parent": "switch:visible/43"
}
