{
	"display": {
		"icon": {"id": "minecraft:phantom_membrane"},
		"title": {"text": "Survivor", "color": "yellow"},
		"description": {"text": "Win a game of Infected without taking any hits as a human", "color": "aqua"},
		"frame": "task",
		"show_toast": true,
		"announce_to_chat": true,
		"hidden": false
	},
	"criteria": {"requirement": {"trigger": "minecraft:impossible"}},
	"requirements": [["requirement"]],
	"rewards": {"function": "switch:advancements/hard"},
	"parent": "switch:visible/54"
}
