{
	"display": {
		"icon": {"id": "minecraft:bow", "components": {"minecraft:custom_model_data": 2013150}},
		"title": {"text": "Harceleur", "color": "yellow"},
		"description": {"text": "Eliminate the same person 3 times in Pitchout", "color": "aqua"},
		"frame": "task",
		"show_toast": true,
		"announce_to_chat": true,
		"hidden": false
	},
	"criteria": {"requirement": {"trigger": "minecraft:impossible"}},
	"requirements": [["requirement"]],
	"rewards": {"function": "switch:advancements/medium"},
	"parent": "switch:visible/40"
}
