{
	"display": {
		"icon": {"id": "minecraft:creeper_head"},
		"title": {"text": "La plèbe a travaillé pour moi", "color": "yellow"},
		"description": {"text": "Win a game of PitchCreep without firing a single arrow", "color": "aqua"},
		"frame": "task",
		"show_toast": true,
		"announce_to_chat": true,
		"hidden": false
	},
	"criteria": {"requirement": {"trigger": "minecraft:impossible"}},
	"requirements": [["requirement"]],
	"rewards": {"function": "switch:advancements/medium"},
	"parent": "switch:visible/44"
}
