{
	"display": {
		"icon": {"id": "minecraft:magenta_wool"},
		"title": {"text": "Guy Jumper","color": "yellow"},
		"description": {"text": "Complete the Guy Shooter parkour","color": "aqua"},
		"frame": "task",
		"show_toast": true,
		"announce_to_chat": true,
		"hidden": false
	},
	"criteria": {
		"requirement": {"trigger": "minecraft:impossible"}
	},
	"requirements": [
		["requirement"]
	],
	"rewards": {
		"function": "switch:advancements/medium"
	},
	"parent": "switch:visible/categories/medium"
}
