{
	"display": {
		"icon": {"id": "minecraft:end_crystal"},
		"title": {"text": "Multigamer","color": "yellow"},
		"description": {"text": "Win each mini-game at least once","color": "aqua"},
		"frame": "task",
		"show_toast": true,
		"announce_to_chat": true,
		"hidden": false
	},
	"criteria": {
		"requirement": {"trigger": "minecraft:impossible"}
	},
	"requirements": [
		["requirement"]
	],
	"rewards": {
		"function": "switch:advancements/hard"
	},
	"parent": "switch:visible/30"
}
