{
	"display": {
		"icon": {"id": "minecraft:cactus"},
		"title": {"text": "Rater son moment de gloire", "color": "yellow"},
		"description": {"text": "Die on a cactus, from a tnt or suffocation in a game of Murder Mystery", "color": "aqua"},
		"frame": "task",
		"show_toast": true,
		"announce_to_chat": true,
		"hidden": false
	},
	"criteria": {"requirement": {"trigger": "minecraft:impossible"}},
	"requirements": [["requirement"]],
	"rewards": {"function": "switch:advancements/easy"},
	"parent": "switch:visible/61"
}
