{
	"display": {
		"icon": {"id": "minecraft:player_head", "components": {"minecraft:profile": {"name": "Luxio_"}}},
		"title": {"text": "Révolution", "color": "yellow"},
		"description": {"text": "Kill a king in a game of Beat The Kings", "color": "aqua"},
		"frame": "task",
		"show_toast": true,
		"announce_to_chat": true,
		"hidden": false
	},
	"criteria": {"requirement": {"trigger": "minecraft:impossible"}},
	"requirements": [["requirement"]],
	"rewards": {"function": "switch:advancements/medium"},
	"parent": "switch:visible/59"
}
