{
	"display": {
		"icon": {"id": "minecraft:blue_stained_glass"},
		"title": {"text": "Tout ça pour ça...","color": "yellow"},
		"description": {"text": "Survive 42 seconds and then die by falling into the water in Bombardment","color": "aqua"},
		"frame": "task",
		"show_toast": true,
		"announce_to_chat": true,
		"hidden": false
	},
	"criteria": {
		"requirement": {"trigger": "minecraft:impossible"}
	},
	"requirements": [
		["requirement"]
	],
	"rewards": {
		"function": "switch:advancements/medium"
	},
	"parent": "switch:visible/37"
}
