{
	"display": {
		"icon": {"id": "minecraft:warped_fungus_on_a_stick", "components": {"minecraft:custom_model_data": 2013152}},
		"title": {"text": "Pour l'équipe !", "color": "yellow"},
		"description": {"text": "Shoot the bonus base in Laser Game", "color": "aqua"},
		"frame": "task",
		"show_toast": true,
		"announce_to_chat": true,
		"hidden": false
	},
	"criteria": {"requirement": {"trigger": "minecraft:impossible"}},
	"requirements": [["requirement"]],
	"rewards": {"function": "switch:advancements/easy"},
	"parent": "switch:visible/72"
}
