{
	"display": {
		"icon": {"id": "minecraft:cake"},
		"title": {"text": "Banger sucré au sucre","color": "yellow"},
		"description": {"text": "Bake a cake in Cooking Festival","color": "aqua"},
		"frame": "task",
		"show_toast": true,
		"announce_to_chat": true,
		"hidden": false
	},
	"criteria": {
		"requirement": {"trigger": "minecraft:impossible"}
	},
	"requirements": [
		["requirement"]
	],
	"rewards": {
		"function": "switch:advancements/easy"
	},
	"parent": "switch:visible/77"
}
