{
	"display": {
		"icon": {"id": "minecraft:white_banner"},
		"title": {"text": "Reviens par ici","color": "yellow"},
		"description": {"text": "Return your team's flag in a game of Capture/Rush The Flag","color": "aqua"},
		"frame": "task",
		"show_toast": true,
		"announce_to_chat": true,
		"hidden": false
	},
	"criteria": {
		"requirement": {"trigger": "minecraft:impossible"}
	},
	"requirements": [
		["requirement"]
	],
	"rewards": {
		"function": "switch:advancements/easy"
	},
	"parent": "switch:visible/79"
}
