{
	"display": {
		"icon": {"id": "minecraft:waxed_copper_block"},
		"title": {"text": "The Duality Jump", "color": "yellow"},
		"description": {"text": "Finish the duo jump for the first time", "color": "aqua"},
		"frame": "task",
		"show_toast": true,
		"announce_to_chat": true,
		"hidden": false
	},
	"criteria": {"requirement": {"trigger": "minecraft:impossible"}},
	"requirements": [["requirement"]],
	"rewards": {"function": "switch:advancements/jumps/duality"},
	"parent": "switch:visible/jump_red"
}
