{
	"display": {
		"icon": {"id": "minecraft:dripstone_block"},
		"title": {"text": "The Dripstone Jump", "color": "yellow"},
		"description": {"text": "Finish the dripstone jump for the first time", "color": "aqua"},
		"frame": "task",
		"show_toast": true,
		"announce_to_chat": true,
		"hidden": false
	},
	"criteria": {"requirement": {"trigger": "minecraft:impossible"}},
	"requirements": [["requirement"]],
	"rewards": {"function": "switch:advancements/jumps/dripstone"},
	"parent": "switch:visible/jump_blue"
}
