{
	"display": {
		"icon": {"id": "minecraft:white_concrete"},
		"title": {"text": "The White Jump", "color": "yellow"},
		"description": {"text": "Finish the white jump for the first time", "color": "aqua"},
		"frame": "task",
		"show_toast": true,
		"announce_to_chat": true,
		"hidden": false
	},
	"criteria": {"requirement": {"trigger": "minecraft:impossible"}},
	"requirements": [["requirement"]],
	"rewards": {"function": "switch:advancements/jumps/white"},
	"parent": "switch:visible/jump_green"
}
