{
	"display": {
		"icon": {"id": "minecraft:suspicious_gravel"},
		"title": {"text": "The GraviGlitch Jump","color": "yellow"},
		"description": {"text": "Finish the graviglitch jump for the first time","color": "aqua"},
		"frame": "task",
		"show_toast": true,
		"announce_to_chat": true,
		"hidden": false
	},
	"criteria": {
		"requirement": {"trigger": "minecraft:impossible"}
	},
	"requirements": [
		["requirement"]
	],
	"rewards": {
		"function": "switch:advancements/jumps/graviglitch"
	},
	"parent": "switch:visible/jump_bricks"
}
