{
	"display": {
		"icon": {"id": "minecraft:blue_concrete"},
		"title": {"text": "The Blue Jump","color": "yellow"},
		"description": {"text": "Finish the blue jump for the first time","color": "aqua"},
		"frame": "task",
		"show_toast": true,
		"announce_to_chat": true,
		"hidden": false
	},
	"criteria": {
		"requirement": {"trigger": "minecraft:impossible"}
	},
	"requirements": [
		["requirement"]
	],
	"rewards": {
		"function": "switch:advancements/jumps/blue"
	},
	"parent": "switch:visible/jump_white"
}
