{
	"display": {
		"icon": {"id": "minecraft:purple_concrete"},
		"title": {"text": "The Purple Jump", "color": "yellow"},
		"description": {"text": "Finish the purple jump for the first time", "color": "aqua"},
		"frame": "task",
		"show_toast": true,
		"announce_to_chat": true,
		"hidden": false
	},
	"criteria": {"requirement": {"trigger": "minecraft:impossible"}},
	"requirements": [["requirement"]],
	"rewards": {"function": "switch:advancements/jumps/purple"},
	"parent": "switch:visible/jump_brown"
}
