{
  "pools": [
    {
      "rolls": 1,
      "entries": [
        {
          "type": "minecraft:item",
          "name": "minecraft:enchanted_book",
          "functions": [
            {
              "function": "minecraft:set_nbt",
              "tag": "{StoredCustomEnchantments:[{id:\"AntiExplosion\",lvl:1}]}"
            },
            {
              "function": "minecraft:set_lore",
              "lore": [
                {
                  "translate": "Anti Explosion",
                  "color": "gray",
                  "italic": false
                },
                {
                  "translate": "► Sword-Bow",
                  "color": "red"
                },
                {
                  "translate": "► Helmet",
                  "color": "blue"
                },
                {
                  "translate": "► Horse Armor",
                  "color": "green"
                }
              ],
              "replace": false
            }
          ]
        }
      ]
    }
  ]
}
