{
  "pools": [
    {
      "rolls": 1,
      "entries": [
        {
          "type": "minecraft:item",
          "name": "minecraft:enchanted_book",
          "functions": [
            {
              "function": "minecraft:set_nbt",
              "tag": "{StoredCustomEnchantments:[{\"id\":\"Armored\",lvl:1}]}"
            },
            {
              "function": "minecraft:set_lore",
              "lore": [
                [
                  {
                    "text": "✤ ",
                    "color": "light_purple",
                    "italic": false
                  },
                  {
                    "translate": "Armored I",
                    "color": "dark_purple",
                    "italic": false
                  },
                  {
                    "text": " ✤",
                    "color": "light_purple",
                    "italic": false
                  }
                ],
                {
                  "translate": "► Elytra",
                  "color": "green"
                }
              ],
              "replace": false
            }
          ]
        },
        {
          "type": "minecraft:item",
          "name": "minecraft:enchanted_book",
          "functions": [
            {
              "function": "minecraft:set_nbt",
              "tag": "{StoredCustomEnchantments:[{\"id\":\"Armored\",lvl:2}]}"
            },
            {
              "function": "minecraft:set_lore",
              "lore": [
                [
                  {
                    "text": "✤ ",
                    "color": "light_purple",
                    "italic": false
                  },
                  {
                    "translate": "Armored II",
                    "color": "dark_purple",
                    "italic": false
                  },
                  {
                    "text": " ✤",
                    "color": "light_purple",
                    "italic": false
                  }
                ],
                {
                  "translate": "► Elytra",
                  "color": "green"
                }
              ],
              "replace": false
            }
          ]
        }
      ]
    }
  ]
}
