{
  "pools": [
    {
      "rolls": 1,
      "entries": [
        {
          "type": "minecraft:item",
          "name": "minecraft:enchanted_book",
          "functions": [
            {
              "function": "minecraft:set_nbt",
              "tag": "{StoredCustomEnchantments:[{id:\"LifePlus\",lvl:1}]}"
            },
            {
              "function": "minecraft:set_lore",
              "lore": [
                {
                  "translate": "Life+ I",
                  "color": "gray",
                  "italic": false
                },
                {
                  "translate": "► Chestplate",
                  "color": "blue"
                }
              ],
              "replace": false
            }
          ]
        },
        {
          "type": "minecraft:item",
          "name": "minecraft:enchanted_book",
          "functions": [
            {
              "function": "minecraft:set_nbt",
              "tag": "{StoredCustomEnchantments:[{id:\"LifePlus\",lvl:2}]}"
            },
            {
              "function": "minecraft:set_lore",
              "lore": [
                {
                  "translate": "Life+ II",
                  "color": "gray",
                  "italic": false
                },
                {
                  "translate": "► Chestplate",
                  "color": "blue"
                }
              ],
              "replace": false
            }
          ]
        },
        {
          "type": "minecraft:item",
          "name": "minecraft:enchanted_book",
          "functions": [
            {
              "function": "minecraft:set_nbt",
              "tag": "{StoredCustomEnchantments:[{id:\"LifePlus\",lvl:3}]}"
            },
            {
              "function": "minecraft:set_lore",
              "lore": [
                {
                  "translate": "Life+ III",
                  "color": "gray",
                  "italic": false
                },
                {
                  "translate": "► Chestplate",
                  "color": "blue"
                }
              ],
              "replace": false
            }
          ]
        },
        {
          "type": "minecraft:item",
          "name": "minecraft:enchanted_book",
          "functions": [
            {
              "function": "minecraft:set_nbt",
              "tag": "{StoredCustomEnchantments:[{id:\"LifePlus\",lvl:4}]}"
            },
            {
              "function": "minecraft:set_lore",
              "lore": [
                {
                  "translate": "Life+ IV",
                  "color": "gray",
                  "italic": false
                },
                {
                  "translate": "► Chestplate",
                  "color": "blue"
                }
              ],
              "replace": false
            }
          ]
        },
        {
          "type": "minecraft:item",
          "name": "minecraft:enchanted_book",
          "functions": [
            {
              "function": "minecraft:set_nbt",
              "tag": "{StoredCustomEnchantments:[{id:\"LifePlus\",lvl:5}]}"
            },
            {
              "function": "minecraft:set_lore",
              "lore": [
                {
                  "translate": "Life+ V",
                  "color": "gray",
                  "italic": false
                },
                {
                  "translate": "► Chestplate",
                  "color": "blue"
                }
              ],
              "replace": false
            }
          ]
        }
      ]
    }
  ]
}
