{
  "pools": [
    {
      "rolls": 1,
      "entries": [
        {
          "type": "minecraft:item",
          "name": "minecraft:enchanted_book",
          "functions": [
            {
              "function": "minecraft:set_nbt",
              "tag": "{StoredCustomEnchantments:[{id:\"PoisonAspect\",lvl:1}]}"
            },
            {
              "function": "minecraft:set_lore",
              "lore": [
                {
                  "translate": "Poison Aspect I",
                  "color": "gray",
                  "italic": false
                },
                {
                  "translate": "► Sword-Trident",
                  "color": "red"
                }
              ],
              "replace": false
            }
          ]
        },
        {
          "type": "minecraft:item",
          "name": "minecraft:enchanted_book",
          "functions": [
            {
              "function": "minecraft:set_nbt",
              "tag": "{StoredCustomEnchantments:[{id:\"PoisonAspect\",lvl:2}]}"
            },
            {
              "function": "minecraft:set_lore",
              "lore": [
                {
                  "translate": "Poison Aspect II",
                  "color": "gray",
                  "italic": false
                },
                {
                  "translate": "► Sword-Trident",
                  "color": "red"
                }
              ],
              "replace": false
            }
          ]
        },
        {
          "type": "minecraft:item",
          "name": "minecraft:enchanted_book",
          "functions": [
            {
              "function": "minecraft:set_nbt",
              "tag": "{StoredCustomEnchantments:[{id:\"PoisonAspect\",lvl:3}]}"
            },
            {
              "function": "minecraft:set_lore",
              "lore": [
                {
                  "translate": "Poison Aspect III",
                  "color": "gray",
                  "italic": false
                },
                {
                  "translate": "► Sword-Trident",
                  "color": "red"
                }
              ],
              "replace": false
            }
          ]
        }
      ]
    }
  ]
}
