{
  "pools": [
    {
      "rolls": 1,
      "entries": [
        {
          "type": "minecraft:item",
          "name": "minecraft:enchanted_book",
          "functions": [
            {
              "function": "minecraft:set_nbt",
              "tag": "{StoredCustomCurse:[{id:\"Slippery\",lvl:1}]}"
            },
            {
              "function": "minecraft:set_lore",
              "lore": [
                {
                  "translate": "Curse of Slippery",
                  "color": "#FF4099",
                  "italic": false
                },
                {
                  "translate": "► Tools - Weapons",
                  "color": "white"
                }
              ],
              "replace": false
            }
          ]
        }
      ]
    }
  ]
}
