{
  "condition": "minecraft:any_of",
  "terms": [
    {
      "condition": "minecraft:entity_properties",
      "entity": "this",
      "predicate": {
        "nbt": "{Tags:[\"switch.vanilla.minecraft_diamond_block\"]}",
        "location": {
          "block": {
            "blocks": "minecraft:diamond_block"
          }
        }
      }
    },
    {
      "condition": "minecraft:entity_properties",
      "entity": "this",
      "predicate": {
        "nbt": "{Tags:[\"switch.vanilla.minecraft_iron_block\"]}",
        "location": {
          "block": {
            "blocks": "minecraft:iron_block"
          }
        }
      }
    },
    {
      "condition": "minecraft:entity_properties",
      "entity": "this",
      "predicate": {
        "nbt": "{Tags:[\"switch.vanilla.minecraft_netherite_block\"]}",
        "location": {
          "block": {
            "blocks": "minecraft:netherite_block"
          }
        }
      }
    },
    {
      "condition": "minecraft:entity_properties",
      "entity": "this",
      "predicate": {
        "nbt": "{Tags:[\"switch.vanilla.minecraft_polished_deepslate\"]}",
        "location": {
          "block": {
            "blocks": "minecraft:polished_deepslate"
          }
        }
      }
    }
  ]
}
