{
  "condition": "minecraft:entity_scores",
  "entity": "this",
  "scores": {
    "switch.checkpoint": {
      "min": {
        "type": "minecraft:score",
        "target": {
          "type": "minecraft:fixed",
          "name": "#checkpoint"
        },
        "score": "switch.data"
      },
      "max": {
        "type": "minecraft:score",
        "target": {
          "type": "minecraft:fixed",
          "name": "#checkpoint"
        },
        "score": "switch.data"
      }
    }
  }
}
