[
  {
    "function": "minecraft:set_lore",
    "lore": [
      {
        "translate": "Anti-Venom I",
        "color": "gray",
        "italic": false
      }
    ],
    "replace": false,
    "conditions": [
      {
        "condition": "minecraft:entity_properties",
        "entity": "this",
        "predicate": {
          "nbt": "{Item:{tag:{StoredCustomEnchantments:[{id:\"AntiVenom\",lvl:1}]}}}"
        }
      }
    ]
  },
  {
    "function": "minecraft:set_lore",
    "lore": [
      {
        "translate": "Anti-Venom II",
        "color": "gray",
        "italic": false
      }
    ],
    "replace": false,
    "conditions": [
      {
        "condition": "minecraft:entity_properties",
        "entity": "this",
        "predicate": {
          "nbt": "{Item:{tag:{StoredCustomEnchantments:[{id:\"AntiVenom\",lvl:2}]}}}"
        }
      }
    ]
  },
  {
    "function": "minecraft:set_lore",
    "lore": [
      {
        "translate": "► Chestplate",
        "color": "blue"
      },
      {
        "translate": "► Horse Armor",
        "color": "green"
      }
    ],
    "replace": false,
    "conditions": [
      {
        "condition": "minecraft:entity_properties",
        "entity": "this",
        "predicate": {
          "nbt": "{Tags:[\"teplus.loot_1ench\"]}"
        }
      }
    ]
  }
]