[
  {
    "function": "minecraft:set_lore",
    "lore": [
      {
        "translate": "Anti-Explosion",
        "color": "gray",
        "italic": false
      }
    ],
    "replace": false
  },
  {
    "function": "minecraft:set_lore",
    "lore": [
      {
        "translate": "► Sword-Bow",
        "color": "red"
      },
      {
        "translate": "► Helmet",
        "color": "blue"
      },
      {
        "translate": "► Horse Armor",
        "color": "green"
      }
    ],
    "replace": false,
    "conditions": [
      {
        "condition": "minecraft:entity_properties",
        "entity": "this",
        "predicate": {
          "nbt": "{Tags:[\"teplus.loot_1ench\"]}"
        }
      }
    ]
  }
]