[
  {
    "function": "minecraft:set_lore",
    "lore": [
      {
        "translate": "Curse of Fragile",
        "color": "#FF4099",
        "italic": false
      }
    ],
    "replace": false
  },
  {
    "function": "minecraft:set_lore",
    "lore": [
      {
        "translate": "► Everything",
        "color": "white"
      }
    ],
    "replace": false,
    "conditions": [
      {
        "condition": "minecraft:entity_properties",
        "entity": "this",
        "predicate": {
          "nbt": "{Tags:[\"teplus.loot_1ench\"]}"
        }
      }
    ]
  }
]