[
  {
    "function": "minecraft:set_lore",
    "lore": [
      {
        "translate": "Life+ I",
        "color": "gray",
        "italic": false
      }
    ],
    "replace": false,
    "conditions": [
      {
        "condition": "minecraft:entity_properties",
        "entity": "this",
        "predicate": {
          "nbt": "{Item:{tag:{StoredCustomEnchantments:[{id:\"LifePlus\",lvl:1}]}}}"
        }
      }
    ]
  },
  {
    "function": "minecraft:set_lore",
    "lore": [
      {
        "translate": "Life+ II",
        "color": "gray",
        "italic": false
      }
    ],
    "replace": false,
    "conditions": [
      {
        "condition": "minecraft:entity_properties",
        "entity": "this",
        "predicate": {
          "nbt": "{Item:{tag:{StoredCustomEnchantments:[{id:\"LifePlus\",lvl:2}]}}}"
        }
      }
    ]
  },
  {
    "function": "minecraft:set_lore",
    "lore": [
      {
        "translate": "Life+ III",
        "color": "gray",
        "italic": false
      }
    ],
    "replace": false,
    "conditions": [
      {
        "condition": "minecraft:entity_properties",
        "entity": "this",
        "predicate": {
          "nbt": "{Item:{tag:{StoredCustomEnchantments:[{id:\"LifePlus\",lvl:3}]}}}"
        }
      }
    ]
  },
  {
    "function": "minecraft:set_lore",
    "lore": [
      {
        "translate": "Life+ IV",
        "color": "gray",
        "italic": false
      }
    ],
    "replace": false,
    "conditions": [
      {
        "condition": "minecraft:entity_properties",
        "entity": "this",
        "predicate": {
          "nbt": "{Item:{tag:{StoredCustomEnchantments:[{id:\"LifePlus\",lvl:4}]}}}"
        }
      }
    ]
  },
  {
    "function": "minecraft:set_lore",
    "lore": [
      {
        "translate": "Life+ V",
        "color": "gray",
        "italic": false
      }
    ],
    "replace": false,
    "conditions": [
      {
        "condition": "minecraft:entity_properties",
        "entity": "this",
        "predicate": {
          "nbt": "{Item:{tag:{StoredCustomEnchantments:[{id:\"LifePlus\",lvl:5}]}}}"
        }
      }
    ]
  },
  {
    "function": "minecraft:set_lore",
    "lore": [
      {
        "translate": "► Chestplate",
        "color": "blue"
      }
    ],
    "replace": false,
    "conditions": [
      {
        "condition": "minecraft:entity_properties",
        "entity": "this",
        "predicate": {
          "nbt": "{Tags:[\"teplus.loot_1ench\"]}"
        }
      }
    ]
  }
]