[
  {
    "function": "minecraft:set_lore",
    "lore": [
      {
        "translate": "Poison Aspect I",
        "color": "gray",
        "italic": false
      }
    ],
    "replace": false,
    "conditions": [
      {
        "condition": "minecraft:entity_properties",
        "entity": "this",
        "predicate": {
          "nbt": "{Item:{tag:{StoredCustomEnchantments:[{id:\"PoisonAspect\",lvl:1}]}}}"
        }
      }
    ]
  },
  {
    "function": "minecraft:set_lore",
    "lore": [
      {
        "translate": "Poison Aspect II",
        "color": "gray",
        "italic": false
      }
    ],
    "replace": false,
    "conditions": [
      {
        "condition": "minecraft:entity_properties",
        "entity": "this",
        "predicate": {
          "nbt": "{Item:{tag:{StoredCustomEnchantments:[{id:\"PoisonAspect\",lvl:2}]}}}"
        }
      }
    ]
  },
  {
    "function": "minecraft:set_lore",
    "lore": [
      {
        "translate": "Poison Aspect III",
        "color": "gray",
        "italic": false
      }
    ],
    "replace": false,
    "conditions": [
      {
        "condition": "minecraft:entity_properties",
        "entity": "this",
        "predicate": {
          "nbt": "{Item:{tag:{StoredCustomEnchantments:[{id:\"PoisonAspect\",lvl:3}]}}}"
        }
      }
    ]
  },
  {
    "function": "minecraft:set_lore",
    "lore": [
      {
        "translate": "► Sword-Trident",
        "color": "red"
      }
    ],
    "replace": false,
    "conditions": [
      {
        "condition": "minecraft:entity_properties",
        "entity": "this",
        "predicate": {
          "nbt": "{Tags:[\"teplus.loot_1ench\"]}"
        }
      }
    ]
  }
]