[
  {
    "function": "minecraft:set_lore",
    "lore": [
      {
        "translate": "Scyther I",
        "color": "gray",
        "italic": false
      }
    ],
    "replace": false,
    "conditions": [
      {
        "condition": "minecraft:entity_properties",
        "entity": "this",
        "predicate": {
          "nbt": "{Item:{tag:{StoredCustomEnchantments:[{id:\"Scyther\",lvl:1}]}}}"
        }
      }
    ]
  },
  {
    "function": "minecraft:set_lore",
    "lore": [
      {
        "translate": "Scyther II",
        "color": "gray",
        "italic": false
      }
    ],
    "replace": false,
    "conditions": [
      {
        "condition": "minecraft:entity_properties",
        "entity": "this",
        "predicate": {
          "nbt": "{Item:{tag:{StoredCustomEnchantments:[{id:\"Scyther\",lvl:2}]}}}"
        }
      }
    ]
  },
  {
    "function": "minecraft:set_lore",
    "lore": [
      {
        "translate": "► Hoe",
        "color": "yellow"
      }
    ],
    "replace": false,
    "conditions": [
      {
        "condition": "minecraft:entity_properties",
        "entity": "this",
        "predicate": {
          "nbt": "{Tags:[\"teplus.loot_1ench\"]}"
        }
      }
    ]
  }
]