[
  {
    "function": "minecraft:set_lore",
    "lore": [
      {
        "translate": "Shock Fangs",
        "color": "gray",
        "italic": false
      }
    ],
    "replace": false
  },
  {
    "function": "minecraft:set_lore",
    "lore": [
      {
        "translate": "► Crossbow",
        "color": "red"
      }
    ],
    "replace": false,
    "conditions": [
      {
        "condition": "minecraft:entity_properties",
        "entity": "this",
        "predicate": {
          "nbt": "{Tags:[\"teplus.loot_1ench\"]}"
        }
      }
    ]
  }
]