[
  {
    "function": "minecraft:set_lore",
    "lore": [
      [
        {
          "text": "<≈≈| ",
          "color": "dark_aqua",
          "bold": true,
          "italic": false
        },
        {
          "translate": "Splatter I",
          "color": "aqua",
          "bold": false,
          "italic": false
        },
        {
          "text": " |≈≈>",
          "color": "dark_aqua",
          "bold": true,
          "italic": false
        }
      ]
    ],
    "replace": false,
    "conditions": [
      {
        "condition": "minecraft:entity_properties",
        "entity": "this",
        "predicate": {
          "nbt": "{Item:{tag:{StoredCustomEnchantments:[{id:\"Splatter\",lvl:1}]}}}"
        }
      }
    ]
  },
  {
    "function": "minecraft:set_lore",
    "lore": [
      [
        {
          "text": "<≈≈| ",
          "color": "dark_aqua",
          "bold": true,
          "italic": false
        },
        {
          "translate": "Splatter II",
          "color": "aqua",
          "bold": false,
          "italic": false
        },
        {
          "text": " |≈≈>",
          "color": "dark_aqua",
          "bold": true,
          "italic": false
        }
      ]
    ],
    "replace": false,
    "conditions": [
      {
        "condition": "minecraft:entity_properties",
        "entity": "this",
        "predicate": {
          "nbt": "{Item:{tag:{StoredCustomEnchantments:[{id:\"Splatter\",lvl:2}]}}}"
        }
      }
    ]
  },
  {
    "function": "minecraft:set_lore",
    "lore": [
      [
        {
          "text": "<≈≈| ",
          "color": "dark_aqua",
          "bold": true,
          "italic": false
        },
        {
          "translate": "Splatter III",
          "color": "aqua",
          "bold": false,
          "italic": false
        },
        {
          "text": " |≈≈>",
          "color": "dark_aqua",
          "bold": true,
          "italic": false
        }
      ]
    ],
    "replace": false,
    "conditions": [
      {
        "condition": "minecraft:entity_properties",
        "entity": "this",
        "predicate": {
          "nbt": "{Item:{tag:{StoredCustomEnchantments:[{id:\"Splatter\",lvl:3}]}}}"
        }
      }
    ]
  },
  {
    "function": "minecraft:set_lore",
    "lore": [
      {
        "translate": "► Fishing Rod",
        "color": "green"
      }
    ],
    "replace": false,
    "conditions": [
      {
        "condition": "minecraft:entity_properties",
        "entity": "this",
        "predicate": {
          "nbt": "{Tags:[\"teplus.loot_1ench\"]}"
        }
      }
    ]
  }
]