[
  {
    "function": "minecraft:set_lore",
    "lore": [
      {
        "translate": "Xp Boost I",
        "color": "gray",
        "italic": false
      }
    ],
    "replace": false,
    "conditions": [
      {
        "condition": "minecraft:entity_properties",
        "entity": "this",
        "predicate": {
          "nbt": "{Item:{tag:{StoredCustomEnchantments:[{id:\"XpBoost\",lvl:1}]}}}"
        }
      }
    ]
  },
  {
    "function": "minecraft:set_lore",
    "lore": [
      {
        "translate": "Xp Boost II",
        "color": "gray",
        "italic": false
      }
    ],
    "replace": false,
    "conditions": [
      {
        "condition": "minecraft:entity_properties",
        "entity": "this",
        "predicate": {
          "nbt": "{Item:{tag:{StoredCustomEnchantments:[{id:\"XpBoost\",lvl:2}]}}}"
        }
      }
    ]
  },
  {
    "function": "minecraft:set_lore",
    "lore": [
      {
        "translate": "Xp Boost III",
        "color": "gray",
        "italic": false
      }
    ],
    "replace": false,
    "conditions": [
      {
        "condition": "minecraft:entity_properties",
        "entity": "this",
        "predicate": {
          "nbt": "{Item:{tag:{StoredCustomEnchantments:[{id:\"XpBoost\",lvl:3}]}}}"
        }
      }
    ]
  },
  {
    "function": "minecraft:set_lore",
    "lore": [
      {
        "translate": "► Sword-Trident",
        "color": "red"
      },
      {
        "translate": "► Axe",
        "color": "yellow"
      }
    ],
    "replace": false,
    "conditions": [
      {
        "condition": "minecraft:entity_properties",
        "entity": "this",
        "predicate": {
          "nbt": "{Tags:[\"teplus.loot_1ench\"]}"
        }
      }
    ]
  }
]