{
	"criteria": {
		"requirement": {
			"trigger": "minecraft:placed_block",
			"conditions": {
				"location": [
					{
						"condition": "minecraft:location_check",
						"predicate": {
							"block": {
								"nbt": "{\"components\": {\"minecraft:custom_data\": {\"energy\": {\"transfer\": 40}, \"simplenergy\": {\"simple_cable\": true}, \"smithed\": {\"ignore\": {\"functionality\": true, \"crafting\": true}}}}}"
							}
						}
					}
				]
			}
		}
	},
	"requirements": [
		[
			"requirement"
		]
	],
	"rewards": {
		"function": "simplenergy:custom_blocks/_player_head/search_simple_cable"
	}
}
