{
	"display": {
		"icon": {
			"item": "minecraft:barrel",
			"nbt": "{CustomModelData:2013325}"
		},
		"title": {
			"text": "Burning Industry I"
		},
		"description": {
			"text": "Upgrade a Furnace Generator",
			"color": "green"
		},
		"frame": "task",
		"show_toast": true,
		"announce_to_chat": true,
		"hidden": false
	},
	"parent": "stardust:visible/technology/simplenergy_manual",
	"criteria": {
		"requirement": {
			"trigger": "minecraft:inventory_changed",
			"conditions": {
				"items": [
					{
						"tag": "stardust:items",
						"nbt": "{stardust:{advanced_furnace_generator:1b}}"
					}
				]
			}
		}
	}
}
