{
	"pools": [
	  {
		"rolls": 1,
		"entries": [
		  {
			"type": "minecraft:item",
			"name": "minecraft:player_head",
			"functions": [
			  {
				"function": "minecraft:set_nbt",
				"tag": "{Teplus.anvil:1b,Enchantments:[{}],SkullOwner:{Id:[I;-16677274,-2092873373,-2138865010,388938733],Properties:{textures:[{Value:\"eyJ0ZXh0dXJlcyI6eyJTS0lOIjp7InVybCI6Imh0dHA6Ly90ZXh0dXJlcy5taW5lY3JhZnQubmV0L3RleHR1cmUvZjMzM2UzMWI3YTI0ZTM3OTZjMjRmY2YwMDBlNjgyYmZjM2I3MGNkMDFlNTlhYmUxMDkyZThiZWUxMTMzYjBiNiJ9fX0=\"}]}}}"
			  },	
			  {
				"function": "minecraft:set_lore",
				"lore": [
				  {
					"translate": "Place it down to merge or",
					"color": "white",
					"italic": false
				  },
				  {
					"translate": "extract custom enchantments",
					"color": "white",
					"italic": false
				  },
				  {
					"translate": "Technical Enchant+",
					"color": "#63C0E3",
					"italic": true
				  }
				]
			  },
			  {
				"function": "minecraft:set_name",
				"name": [
				  {
					"translate": "Technical Anvil",
					"color": "#909FB3",
					"italic": false
				  }
				]
			  }
			]
		  }
		]
	  }
	]
  }
  