{
  "parent": "minecraft:story/iron_tools",
  "display": {
    "icon": {
      "item": "minecraft:glistering_melon_slice",
      "nbt": "{CustomModelData:330000}"
    },
    "title": {
      "translate": "advancements.tcc.minecraft.story.amethyst_dust.title"
    },
    "description": [
      {
        "translate": "advancements.tcc.minecraft.story.amethyst_dust.description"
      },
      "\n\n",
      {
        "translate": "pack.tcc",
        "color": "#008725",
        "italic": true
      }
    ],
    "frame": "task",
    "show_toast": true,
    "announce_to_chat": true,
    "hidden": false
  },
  "criteria": {
    "amethyst_dust": {
      "trigger": "minecraft:inventory_changed",
      "conditions": {
        "items": [
          {
            "nbt": "{tcc:{id:\"amethyst_dust\"}}"
          }
        ]
      }
    }
  }
}
