{
  "parent": "tcc:minecraft/story/used_jewelry_table",
  "display": {
    "icon": {
      "item": "minecraft:carrot_on_a_stick",
      "nbt": "{CustomModelData:339102}"
    },
    "title": {
      "translate": "advancements.tcc.minecraft.story.netherite_ring.title"
    },
    "description": [
      {
        "translate": "advancements.tcc.minecraft.story.netherite_ring.description"
      },
      "\n\n",
      {
        "translate": "pack.tcc",
        "color": "#008725",
        "italic": true
      }
    ],
    "frame": "challenge",
    "show_toast": true,
    "announce_to_chat": true,
    "hidden": false
  },
  "criteria": {
    "netherite_ring": {
      "trigger": "minecraft:inventory_changed",
      "conditions": {
        "items": [
          {
            "nbt": "{tcc:{id:\"ring\",ring:{metal:\"minecraft:netherite\"}}}"
          }
        ]
      }
    }
  },
  "rewards": {
    "experience": 100
  }
}
