{
  "parent": "tcc:minecraft/story/used_jewelry_table",
  "display": {
    "icon": {
      "item": "minecraft:bell"
    },
    "title": {
      "translate": "advancements.tcc.minecraft.story.ring_bell.title"
    },
    "description": [
      {
        "translate": "advancements.tcc.minecraft.story.ring_bell.description"
      },
      "\n\n",
      {
        "translate": "pack.tcc",
        "color": "#008725",
        "italic": true
      }
    ],
    "frame": "task",
    "show_toast": true,
    "announce_to_chat": true,
    "hidden": true
  },
  "criteria": {
    "ring_bell_with_ring": {
      "trigger": "minecraft:item_used_on_block",
      "conditions": {
        "location": {
          "block": {
            "blocks": [
              "minecraft:bell"
            ]
          }
        },
        "item": {
          "nbt": "{tcc:{id:\"ring\"}}"
        }
      }
    }
  }
}
