{
  "parent": "tcc:minecraft/story/amethyst_dust",
  "display": {
    "icon": {
      "item": "minecraft:barrel",
      "nbt": "{CustomModelData:330000}"
    },
    "title": {
      "translate": "advancements.tcc.minecraft.story.used_jewelry_table.title"
    },
    "description": [
      {
        "translate": "advancements.tcc.minecraft.story.used_jewelry_table.description"
      },
      "\n\n",
      {
        "translate": "pack.tcc",
        "color": "#008725",
        "italic": true
      }
    ],
    "frame": "task",
    "show_toast": true,
    "announce_to_chat": true,
    "hidden": false
  },
  "criteria": {
    "ring": {
      "trigger": "minecraft:inventory_changed",
      "conditions": {
        "items": [
          {
            "nbt": "{tcc:{id:\"ring\"}}"
          }
        ]
      }
    }
  }
}
