{
	"display": {
		"icon": { "item": "minecraft:iron_nugget", "nbt": "{CustomModelData:0}" },
		"title": { "text": "Easy Bullets", "color": "aqua" },
		"description": { "text": "Shoot an iron nugget using a Sniper\n[+5 bullet damage]", "color": "green" },
		"frame": "task",
		"show_toast": true,
		"announce_to_chat": true,
		"hidden": false
	},
	"parent": "stardust:visible/stuff/stardust_sniper",
	"criteria": {
		"requirement": {
			"trigger": "minecraft:impossible",
			"conditions": {}
		}
	}
}
