{
  "pools": [
    {
      "rolls": 1,
      "bonus_rolls": 0,
      "entries": [
        {
          "type": "minecraft:item",
          "name": "minecraft:jigsaw",
          "functions": [
            {
              "function": "minecraft:set_components",
              "components": {
                "minecraft:custom_data": {
                  "glassrunner": {
                    "destroying_crossbow": true
                  }
                },
                "minecraft:item_name": "{\"text\":\"Destroying Crossbow\",\"color\":\"dark_red\",\"italic\":false}"
              }
            }
          ]
        }
      ]
    }
  ]
}
