{
  "pools": [
    {
      "rolls": 1,
      "bonus_rolls": 0,
      "entries": [
        {
          "type": "minecraft:item",
          "name": "minecraft:snowball",
          "functions": [
            {
              "function": "minecraft:set_components",
              "components": {
                "minecraft:custom_data": {
                  "glassrunner": {
                    "glass_bridge": true,
                    "glass_bridge_blue": true
                  }
                },
                "minecraft:item_name": "{\"text\":\"Snowball Bridge Blue\",\"color\":\"blue\",\"italic\":false}"
              }
            }
          ]
        }
      ]
    }
  ]
}
