{
  "pools": [
    {
      "rolls": 1,
      "entries": [
        {
          "type": "item",
          "name": "minecraft:spider_eye",
          "weight": 1,
          "functions": [
            {
              "function": "set_count",
              "count": {
                "min": 20,
                "max": 30
              }
            }
          ]
        }
      ]
    },
    {
      "rolls": 1,
      "entries": [
        {
          "type": "item",
          "name": "minecraft:cauldron",
          "weight": 4
        },
        {
          "type": "item",
          "name": "minecraft:brewing_stand",
          "weight": 2
        },
        {
          "type": "loot_table",
          "name": "tcc:items/teapot",
          "weight": 4
        }
      ]
    }
  ]
}