{
  "pools": [
    {
      "rolls": 1,
      "entries": [
        {
          "type": "item",
          "name": "minecraft:dragon_breath",
          "weight": 3,
          "functions": [
            {
              "function": "set_count",
              "count": {
                "min": 2,
                "max": 3
              }
            }
          ]
        },
        {
          "type": "item",
          "name": "minecraft:magma_cream",
          "weight": 2,
          "functions": [
            {
              "function": "set_count",
              "count": {
                "min": 10,
                "max": 15
              }
            }
          ]
        },
        {
          "type": "item",
          "name": "minecraft:ghast_tear",
          "weight": 2,
          "functions": [
            {
              "function": "set_count",
              "count": {
                "min": 2,
                "max": 5
              }
            }
          ]
        },
        {
          "type": "item",
          "name": "minecraft:blaze_powder",
          "weight": 1,
          "functions": [
            {
              "function": "set_count",
              "count": {
                "min": 10,
                "max": 15
              }
            }
          ]
        },
        {
          "type": "item",
          "name": "minecraft:warped_roots",
          "weight": 1,
          "functions": [
            {
              "function": "set_count",
              "count": {
                "min": 20,
                "max": 30
              }
            }
          ]
        },
        {
          "type": "item",
          "name": "minecraft:nether_wart",
          "weight": 1,
          "functions": [
            {
              "function": "set_count",
              "count": {
                "min": 10,
                "max": 20
              }
            }
          ]
        }
      ]
    },
    {
      "rolls": 1,
      "entries": [
        {
          "type": "item",
          "name": "minecraft:spider_eye",
          "weight": 1,
          "functions": [
            {
              "function": "set_count",
              "count": {
                "min": 5,
                "max": 10
              }
            }
          ]
        }
      ]
    }
  ]
}