{
  "pools": [
    {
      "rolls": 1,
      "entries": [
        {
          "type": "item",
          "name": "minecraft:fermented_spider_eye",
          "weight": 1,
          "functions": [
            {
              "function": "set_count",
              "count": {
                "min": 10,
                "max": 20
              }
            }
          ]
        }
      ]
    },
    {
      "rolls": 1,
      "functions": [
        {
          "function": "set_count",
          "count": {
            "min": 5,
            "max": 10
          }
        }
      ],
      "entries": [
        {
          "type": "item",
          "name": "minecraft:slime_ball",
          "weight": 4
        },
        {
          "type": "item",
          "name": "minecraft:wither_rose",
          "weight": 3
        },
        {
          "type": "item",
          "name": "minecraft:cobweb",
          "weight": 2
        },
        {
          "type": "loot_table",
          "name": "tcc:items/bat_wing",
          "weight": 1
        }
      ]
    }
  ]
}