{
  "pools": [
    {
      "rolls": 1,
      "entries": [
        {
          "type": "item",
          "name": "minecraft:spider_eye",
          "weight": 1,
          "functions": [
            {
              "function": "set_count",
              "count": {
                "min": 32,
                "max": 64
              }
            }
          ]
        }
      ]
    },
    {
      "rolls": 1,
      "functions": [
        {
          "function": "set_count",
          "count": {
            "min": 2,
            "max": 5
          }
        }
      ],
      "entries": [
        {
          "type": "item",
          "name": "minecraft:glistering_melon_slice",
          "weight": 3
        },
        {
          "type": "item",
          "name": "minecraft:rabbit_foot",
          "weight": 3
        },
        {
          "type": "item",
          "name": "minecraft:golden_carrot",
          "weight": 2
        },
        {
          "type": "item",
          "name": "minecraft:phantom_membrane",
          "weight": 2
        }
      ]
    }
  ]
}