{
  "pools": [
    {
      "rolls": 1,
      "entries": [
        {
          "type": "item",
          "name": "minecraft:fermented_spider_eye",
          "weight": 1,
          "functions": [
            {
              "function": "set_count",
              "count": {
                "min": 10,
                "max": 20
              }
            }
          ]
        }
      ]
    },
    {
      "rolls": 1,
      "entries": [
        {
          "type": "loot_table",
          "name": "tcc:items/tea/antitoxin",
          "weight": 2
        },
        {
          "type": "loot_table",
          "name": "tcc:items/tea/clearsight",
          "weight": 1
        },
        {
          "type": "loot_table",
          "name": "tcc:items/tea/obscurity",
          "weight": 1
        },
        {
          "type": "loot_table",
          "name": "tcc:items/tea/plenty",
          "weight": 1
        },
        {
          "type": "loot_table",
          "name": "tcc:items/tea/purity",
          "weight": 2
        },
        {
          "type": "loot_table",
          "name": "tcc:items/tea/steadiness",
          "weight": 1
        },
        {
          "type": "loot_table",
          "name": "tcc:items/tea/vigor",
          "weight": 1
        },
        {
          "type": "loot_table",
          "name": "tcc:items/tea/vivacity",
          "weight": 1
        }
      ]
    }
  ]
}