{
  "pools": [
    {
      "rolls": 1,
      "entries": [
        {
          "type": "item",
          "name": "minecraft:spider_eye",
          "weight": 1,
          "functions": [
            {
              "function": "set_count",
              "count": {
                "min": 20,
                "max": 30
              }
            }
          ]
        }
      ]
    },
    {
      "rolls": 1,
      "functions": [
        {
          "function": "set_count",
          "count": {
            "min": 10,
            "max": 20
          }
        }
      ],
      "entries": [
        {
          "type": "item",
          "name": "minecraft:sugar",
          "weight": 3
        },
        {
          "type": "item",
          "name": "minecraft:gunpowder",
          "weight": 2
        },
        {
          "type": "item",
          "name": "minecraft:redstone",
          "weight": 2
        },
        {
          "type": "item",
          "name": "minecraft:glowstone_dust",
          "weight": 2
        }
      ]
    }
  ]
}