{
  "pools": [
    {
      "rolls": 1,
      "entries": [
        {
          "type": "item",
          "name": "minecraft:spider_eye",
          "weight": 1,
          "functions": [
            {
              "function": "set_count",
              "count": {
                "min": 5,
                "max": 10
              }
            }
          ]
        }
      ]
    },
    {
      "rolls": 1,
      "functions": [
        {
          "function": "set_count",
          "count": {
            "min": 5,
            "max": 10
          }
        }
      ],
      "entries": [
        {
          "type": "item",
          "name": "minecraft:mycelium",
          "weight": 3
        },
        {
          "type": "item",
          "name": "minecraft:blue_orchid",
          "weight": 2
        },
        {
          "type": "item",
          "name": "minecraft:lily_pad",
          "weight": 2
        },
        {
          "type": "item",
          "name": "minecraft:vine",
          "weight": 2
        },
        {
          "type": "item",
          "name": "minecraft:tall_grass",
          "weight": 1
        }
      ]
    }
  ]
}