{
	"pools": [
		{
			"rolls": 1,
			"entries": [
				{
					"type": "minecraft:item",
					"weight": 70,
					"name": "minecraft:cobblestone"
				},
				{
					"type": "minecraft:item",
					"weight": 45,
					"name": "minecraft:coal"
				},
				{
					"type": "minecraft:item",
					"weight": 30,
					"name": "minecraft:raw_copper"
				},
				{
					"type": "minecraft:item",
					"weight": 30,
					"name": "minecraft:raw_iron"
				},
				{
					"type": "minecraft:item",
					"weight": 25,
					"name": "minecraft:raw_gold"
				},
				{
					"type": "minecraft:item",
					"weight": 15,
					"name": "minecraft:diamond"
				},
				{
					"type": "minecraft:item",
					"weight": 4,
					"name": "minecraft:emerald"
				},
				{
					"type": "minecraft:loot_table",
					"weight": 8,
					"name": "simplenergy:i/simplunium_nugget"
				},
				{
					"type": "minecraft:loot_table",
					"weight": 4,
					"name": "simplenergy:i/raw_simplunium"
				},
				{
					"type": "minecraft:loot_table",
					"weight": 8,
					"name": "crazy_adventure:i/uranium_nugget"
				},
				{
					"type": "minecraft:loot_table",
					"weight": 4,
					"name": "crazy_adventure:i/raw_uranium"
				},
				{
					"type": "minecraft:loot_table",
					"weight": 3,
					"name": "crazy_adventure:i/californium_nugget"
				}
			]
		}
	]
}