{
	"pools": [
		{
			"rolls": 1,
			"entries": [
				{
					"type": "minecraft:item",
					"weight": 35,
					"name": "minecraft:cobblestone"
				},
				{
					"type": "minecraft:item",
					"weight": 50,
					"name": "minecraft:coal"
				},
				{
					"type": "minecraft:item",
					"weight": 45,
					"name": "minecraft:raw_iron"
				},
				{
					"type": "minecraft:item",
					"weight": 31,
					"name": "minecraft:raw_gold"
				},
				{
					"type": "minecraft:item",
					"weight": 15,
					"name": "minecraft:diamond"
				},
				{
					"type": "minecraft:loot_table",
					"weight": 13,
					"name": "simplenergy:i/simplunium_nugget"
				},
				{
					"type": "minecraft:loot_table",
					"weight": 8,
					"name": "simplenergy:i/raw_simplunium"
				},
				{
					"type": "minecraft:loot_table",
					"weight": 13,
					"name": "crazy_adventure:i/uranium_nugget"
				},
				{
					"type": "minecraft:loot_table",
					"weight": 8,
					"name": "crazy_adventure:i/raw_uranium"
				},
				{
					"type": "minecraft:loot_table",
					"weight": 3,
					"name": "crazy_adventure:i/californium_nugget"
				},
				{
					"type": "minecraft:loot_table",
					"weight": 1,
					"name": "crazy_adventure:i/raw_californium"
				}
			]
		}
	]
}