{
	"type": "minecraft:block",
	"pools": [
		{
			"rolls": 1,
			"entries": [
				{
					"type": "minecraft:loot_table",
					"value": "common_signals:polished_deepslate"
				}
			]
		},
		{
			"rolls": 1,
			"bonus_rolls": 0,
			"entries": [
				{
					"type": "minecraft:item",
					"name": "minecraft:polished_deepslate"
				}
			],
			"conditions": [
				{
					"condition": "minecraft:survives_explosion"
				}
			]
		}
	],
	"random_sequence": "minecraft:blocks/polished_deepslate",
	"__smithed__": {
		"rules": [
			{
				"type": "smithed:append",
				"target": "pools[0].entries",
				"source": {
					"type": "smithed:reference",
					"path": "pools[0].entries[0]"
				}
			}
		]
	}
}
