{
  "pools": [
    {
      "rolls": 1,
      "entries": [
        {
          "type": "minecraft:loot_table",
          "name": "tcc:items/tea/antitoxin",
          "functions": [
            {
              "function": "minecraft:set_nbt",
              "tag": "{tcc:{tea:{extended:1b}}}"
            },
            {
              "function": "minecraft:set_lore",
              "replace": true,
              "lore": [
                {
                  "translate": "potion.withDuration",
                  "with": [
                    {
                      "translate": "item.tcc.antitoxin_tea.lore"
                    },
                    {
                      "translate": "potion.tcc.duration",
                      "with": [
                        7,
                        3,
                        0
                      ]
                    }
                  ],
                  "color": "gold",
                  "italic": false
                },
                {
                  "translate": "pack.tcc",
                  "color": "#008725",
                  "italic": true
                }
              ]
            }
          ]
        }
      ]
    }
  ]
}
