{
	"pools": [
		{
			"rolls": 1,
			"entries": [
				{
					"type": "minecraft:item",
					"name": "minecraft:bone_block",
					"functions": [
						{
							"function": "minecraft:set_count",
							"count": 4
						}
					]
				}
			]
		},
		{
			"rolls": 1,
			"entries": [
				{
					"type": "minecraft:loot_table",
					"name": "crazy_adventure:i/banana_sapling",
					"functions": [
						{
							"function": "minecraft:set_count",
							"count": 8
						}
					]
				}
			]
		}
	]
}
