{
  "display": {
    "icon": {
      "item": "minecraft:ice"
    },
    "title": {
      "translate": "advancements.tcc.minecraft.adventure.enter_tundra_keep.title"
    },
    "description": [
      {
        "translate": "advancements.tcc.minecraft.adventure.enter_tundra_keep.description"
      },
      "\n\n",
      {
        "translate": "pack.tcc",
        "color": "#008725",
        "italic": true
      }
    ],
    "show_toast": true,
    "announce_to_chat": true,
    "frame": "task"
  },
  "parent": "minecraft:adventure/kill_a_mob",
  "criteria": {
    "enter_tundra_keep": {
      "trigger": "minecraft:location",
      "conditions": {
        "player": [
          {
            "condition": "minecraft:entity_properties",
            "entity": "this",
            "predicate": {
              "location": {
                "structure": "tcc:tundra_keep"
              }
            }
          }
        ]
      }
    }
  }
}