{
  "parent": "minecraft:adventure/root",
  "display": {
    "icon": {
      "item": "minecraft:prismarine_bricks"
    },
    "title": {
      "translate": "advancements.tcc.minecraft.adventure.enter_monument.title"
    },
    "description": [
      {
        "translate": "advancements.tcc.minecraft.adventure.enter_monument.description"
      },
      "\n\n",
      {
        "translate": "pack.tcc",
        "color": "#008725",
        "italic": true
      }
    ]
  },
  "criteria": {
    "enter_monument": {
      "trigger": "minecraft:location",
      "conditions": {
        "player": [
          {
            "condition": "minecraft:entity_properties",
            "entity": "this",
            "predicate": {
              "location": {
                "structure": "minecraft:monument"
              }
            }
          }
        ]
      }
    }
  }
}
