{
	"pools": [
		{
			"rolls": 1,
			"entries": [
				{
					"type": "minecraft:item",
					"name": "minecraft:blast_furnace",
					"functions": [
						{
							"function": "minecraft:set_components",
							"components": {
								"minecraft:custom_data": {
									"smithed": {"dict": {"ore": {"tin": true}}},
									"mechanization": {"id": "tin_ore"}
								},
								"minecraft:item_name": "{'translate':'simplenergy.deepslate_tin_ore', 'italic': false, 'color': 'white'}",
								"minecraft:lore": [
									"[{'translate':'simplenergy.mechanization', 'italic': true, 'color': 'blue'}]"
								]
							}
						}
					]
				}
			]
		}
	]
}
