{
	"pools": [
		{
			"rolls": 1,
			"entries": [
				{
					"type": "minecraft:item",
					"name": "minecraft:structure_block",
					"functions": [
						{
							"function": "minecraft:set_components",
							"components": {
								"minecraft:custom_data": {
									"smithed": {"dict": {"ingot": {"titanium": true}}},
									"mechanization": {"id": "titanium_ingot"}
								},
								"minecraft:item_name": "{'translate':'simplenergy.titanium_ingot', 'italic': false, 'color': 'white'}",
								"minecraft:lore": [
									"[{'translate':'simplenergy.mechanization', 'italic': true, 'color': 'blue'}]"
								]
							}
						}
					]
				}
			]
		}
	]
}
