{
  "elements": [
    {
      "element": {
        "element_type": "minecraft:single_pool_element",
        "location": "minecraft:trial_chambers/corridor/first_plate",
        "processors": {
          "processors": []
        },
        "projection": "rigid"
      },
      "weight": 1
    },
    {
      "element": {
        "element_type": "minecraft:single_pool_element",
        "location": "minecraft:trial_chambers/corridor/entrance_1",
        "processors": "minecraft:trial_chambers_copper_bulb_degradation",
        "projection": "rigid"
      },
      "weight": 2
    }
  ],
  "fallback": "minecraft:empty"
}