{
  "display": {
    "icon": {
      "item": "minecraft:trident"
    },
    "title": {
      "translate":"Technical Trident",
      "color":"#FFE2A8"
    },
    "description": {
      "translate": "Get every custom enchantment book for the trident",
      "color": "green"
    },
    "frame": "goal",
    "show_toast": true,
    "announce_to_chat": false,
    "hidden": false
  },
  "parent": "enchadv:weapons/start",
  "criteria": {
    "got_attack_speed": {
      "trigger": "minecraft:inventory_changed",
      "conditions": {
        "items": [
          {
            "items": [
              "minecraft:enchanted_book"
            ],
            "nbt": "{StoredCustomEnchantments:[{id:\"AttackSpeed\"}]}"
          }
        ]
      }
    },
    "got_marine_grace": {
      "trigger": "minecraft:inventory_changed",
      "conditions": {
        "items": [
          {
            "items": [
              "minecraft:enchanted_book"
            ],
            "nbt": "{StoredCustomEnchantments:[{id:\"MarineGrace\"}]}"
          }
        ]
      }
    },
    "got_poison_aspect": {
      "trigger": "minecraft:inventory_changed",
      "conditions": {
        "items": [
          {
            "items": [
              "minecraft:enchanted_book"
            ],
            "nbt": "{StoredCustomEnchantments:[{id:\"PoisonAspect\"}]}"
          }
        ]
      }
    },
    "got_waterjet": {
      "trigger": "minecraft:inventory_changed",
      "conditions": {
        "items": [
          {
            "items": [
              "minecraft:enchanted_book"
            ],
            "nbt": "{StoredCustomEnchantments:[{id:\"Waterjet\"}]}"
          }
        ]
      }
    },
    "got_xp_boost": {
      "trigger": "minecraft:inventory_changed",
      "conditions": {
        "items": [
          {
            "items": [
              "minecraft:enchanted_book"
            ],
            "nbt": "{StoredCustomEnchantments:[{id:\"XpBoost\"}]}"
          }
        ]
      }
    }
  },
  "requirements": [
    [
      "got_attack_speed"
    ],
    [
      "got_marine_grace"
    ],
    [
      "got_poison_aspect"
    ],
    [
      "got_waterjet"
    ],
    [
      "got_xp_boost"
    ]
  ]
}
