{
  "display": {
    "icon": {
      "id": "minecraft:stone",
      "components": {
        "minecraft:item_model": "switch:letter"
      }
    },
    "title": [
      {
        "text": "'",
        "color": "aqua"
      },
      {
        "text": "Memory Mine",
        "color": "yellow"
      },
      {
        "text": "' s\u00e9lectionn\u00e9 !"
      }
    ],
    "description": "",
    "frame": "task",
    "show_toast": true,
    "announce_to_chat": false,
    "hidden": true
  },
  "criteria": {
    "requirement": {
      "trigger": "minecraft:impossible"
    }
  },
  "rewards": {
    "function": "switch:engine/pop_ups/revoke"
  }
}
