{
    "condition": "minecraft:value_check",
    "value": {
        "type": "minecraft:score",
        "target": "this",
        "score": "crazy_adventure.id"
    },
    "range": {
        "min": {
            "type": "minecraft:score",
            "target": {
                "type": "minecraft:fixed",
                "name": "#predicate"
            },
            "score": "crazy_adventure.data"
        },
        "max": {
            "type": "minecraft:score",
            "target": {
                "type": "minecraft:fixed",
                "name": "#predicate"
            },
            "score": "crazy_adventure.data"
        }
    }
}