{
	"criteria": {
	  "requirement": {
		"trigger": "minecraft:player_killed_entity",
		"conditions": {
		  "entity": [
			{
			  "condition": "minecraft:entity_properties",
			  "entity": "this",
			  "predicate": {
				"type": "#crazy_adventure:hostile_mobs"
			  },
			  "equipment": {
                "offhand": {
                  "tag": "{crazy_adventure:{souls:{}}}"
                }
              }
			}
		  ]
		}
	  }
	},
	"rewards": {
		"function": "crazy_adventure:opti/advancements_rewards/souls_bag"
	}
  }
  