{
	"display": {
		"icon": { "item": "minecraft:warped_fungus_on_a_stick", "nbt": "{CustomModelData:2013219}" },
		"title": { "text": "Controlling mining industry" },
		"description": { "text": "Craft a Quarry Configurator", "color": "green" },
		"frame": "task",
		"show_toast": true,
		"announce_to_chat": true,
		"hidden": false
	},
	"parent": "stardust:visible/technology/simplenergy_manual",
	"criteria": { "requirement": {
		"trigger": "minecraft:inventory_changed",
		"conditions": { "items": [{
			"tag": "stardust:items",
			"nbt": "{stardust:{quarry_configurator:1b}}"
		}]}
	}}
}
