{
	"criteria": {
		"requirement": {
			"trigger": "minecraft:tick",
			"conditions": {
				"player": [
					{
						"condition": "minecraft:entity_scores",
						"entity": "this",
						"scores": {
							"stardust.data": {
								"min": 1
							}
						}
					},
					{
						"condition": "minecraft:entity_properties",
						"entity": "this",
						"predicate": {
							"equipment": {
								"mainhand": {
									"nbt": "{stardust:{travel_staff:1b}}"
								}
							}
						}
					}
				]
			}
		}
	},
	"rewards": {
		"function": "stardust:advancements/travel_staff"
	}
}
