{
  "display": {
    "icon": {
      "item": "minecraft:enchanted_book"
    },
    "title": {
      "translate":"Multicolor Enchantment",
      "color":"green"
    },
    "description": {
      "translate": "Unlimited source of wool color",
      "color": "white"
    },
    "frame": "task",
    "show_toast": true,
    "announce_to_chat": false,
    "hidden": false
  },
  "parent": "enchadv:extra/armored",
  "criteria": {
    "requirement": {
      "trigger": "minecraft:inventory_changed",
      "conditions": {
        "items": [
          {
            "items": [
              "minecraft:enchanted_book"
            ],
            "nbt": "{StoredCustomEnchantments:[{id:\"Multicolor\",lvl:1}]}"
          }
        ]
      }
    }
  }
}
