{
  "criteria": {
    "requirement": {
      "trigger": "minecraft:entity_hurt_player",
      "conditions": {
        "player": [
          {
            "condition": "minecraft:entity_properties",
            "entity": "this",
            "predicate": {
              "equipment": {
                "feet": {
                  "nbt": "{CustomCurse:{Sensitive:1}}"
                }
              }
            }
          }
        ]
      }
    }
  },
  "rewards": {
    "function": "enchantplus:result/sensitive/feet"
  }
}
