{
  "type": "minecraft:block",
  "pools": [
    {
      "rolls": 1,
      "bonus_rolls": 0,
      "entries": [
        {
          "type": "minecraft:item",
          "name": "minecraft:carrot",
          "functions": [
            {
              "function": "minecraft:set_count",
              "count": {
                "type": "minecraft:binomial",
                "n": 3,
                "p": 0.5714286
              },
              "add": false
            },
            {
              "function": "minecraft:limit_count",
              "limit": {
                "min": 0,
                "max": 2
              }
            }
          ]
        }
      ]
    }
  ]
}
