{
	"type": "minecraft:crafting_shaped",
	"category": "misc",
	"pattern": [
		"I I",
		"IRI",
		"III"
	],
	"key": {
		"I": {
			"item": "minecraft:iron_ingot"
		},
		"R": {
			"item": "minecraft:redstone"
		}
	},
	"result": {
		"id": "minecraft:furnace",
		"count": 1,
		"components": {
			"minecraft:custom_data": {
				"energy": {
					"generation": 5,
					"max_storage": 500
				},
				"simplenergy": {
					"cauldron_generator": true
				},
				"smithed": {
					"ignore": {"functionality": true,"crafting": true}
				}
			},
			"minecraft:lore": [
				"{\"translate\":\"simplenergy.energy_generation_5_kw\",\"italic\":false,\"color\":\"gray\"}",
				"{\"translate\":\"simplenergy.energy_buffer_500_kj\",\"italic\":false,\"color\":\"gray\"}",
				"{'translate':'simplenergy', 'italic': true, 'color': 'blue'}"
			],
			"minecraft:custom_model_data": 2012032,
			"minecraft:item_name": "{'translate':'simplenergy.cauldron_generator', 'italic': false, 'color': 'white'}",
			"minecraft:container": [
				{
					"slot": 0,
					"item": {"id": "minecraft:stone","count": 1,"components": {"minecraft:custom_data": {"smithed": {"block": {"id": "simplenergy:cauldron_generator","from": "simplenergy"}}}}}
				}
			]
		}
	}
}
