{
	"type": "minecraft:crafting_shaped",
	"category": "misc",
	"pattern": [
		"LLL",
		"LFL",
		"III"
	],
	"key": {
		"L": {
			"item": "minecraft:lapis_lazuli"
		},
		"F": {
			"item": "minecraft:furnace"
		},
		"I": {
			"item": "minecraft:iron_block"
		}
	},
	"result": {
		"id": "minecraft:furnace",
		"count": 1,
		"components": {
			"minecraft:custom_data": {
				"energy": {
					"usage": 20,
					"max_storage": 1600
				},
				"simplenergy": {
					"electric_furnace": true
				},
				"smithed": {
					"ignore": {"functionality": true,"crafting": true}
				}
			},
			"minecraft:lore": [
				"{\"translate\":\"simplenergy.power_usage_20_kw\",\"italic\":false,\"color\":\"gray\"}",
				"{\"translate\":\"simplenergy.energy_buffer_1600_kj\",\"italic\":false,\"color\":\"gray\"}",
				"{'translate':'simplenergy', 'italic': true, 'color': 'blue'}"
			],
			"minecraft:custom_model_data": 2012026,
			"minecraft:item_name": "{'translate':'simplenergy.electric_furnace', 'italic': false, 'color': 'white'}",
			"minecraft:container": [
				{
					"slot": 0,
					"item": {"id": "minecraft:stone","count": 1,"components": {"minecraft:custom_data": {"smithed": {"block": {"id": "simplenergy:electric_furnace","from": "simplenergy"}}}}}
				}
			]
		}
	}
}
