{
	"type": "minecraft:crafting_shaped",
	"category": "equipment",
	"pattern": [
		"II",
		"CC",
		"CC"
	],
	"key": {
		"I": {
			"item": "minecraft:iron_ingot"
		},
		"C": {
			"item": "minecraft:copper_ingot"
		}
	},
	"result": {
		"id": "minecraft:warped_fungus_on_a_stick",
		"count": 1,
		"components": {
			"minecraft:unbreakable": {
				"show_in_tooltip": false
			},
			"minecraft:lore": [
				"{\"translate\":\"simplenergy.allows_you_to_analyse_machines\",\"italic\":false,\"color\":\"gray\"}",
				"{\"translate\":\"simplenergy.to_get_their_energy_information\",\"italic\":false,\"color\":\"gray\"}",
				"{\"translate\":\"simplenergy.hold_in_offhand_for_passive_use\",\"italic\":false,\"color\":\"white\"}",
				"{'translate':'simplenergy', 'italic': true, 'color': 'blue'}"
			],
			"minecraft:custom_model_data": 2012017,
			"minecraft:item_name": "{'translate':'simplenergy.multimeter', 'italic': false, 'color': 'white'}",
			"minecraft:custom_data": {
				"simplenergy": {
					"multimeter": true
				},
				"smithed": {
					"ignore": {"functionality": true,"crafting": true}
				}
			}
		}
	}
}
