{
	"type": "minecraft:crafting_shaped",
	"category": "misc",
	"group": "simple_cable",
	"pattern": [
		"III",
		"COC",
		"III"
	],
	"key": {
		"I": {
			"item": "minecraft:iron_ingot"
		},
		"C": {
			"item": "minecraft:copper_ingot"
		},
		"O": {
			"item": "minecraft:charcoal"
		}
	},
	"result": {
		"id": "minecraft:player_head",
		"count": 1,
		"components": {
			"minecraft:custom_data": {
				"energy": {
					"transfer": 40
				},
				"simplenergy": {
					"simple_cable": true
				},
				"smithed": {
					"ignore": {"functionality": true,"crafting": true}
				}
			},
			"minecraft:lore": [
				"{\"translate\":\"simplenergy.transfer_speed_40_kw\",\"italic\":false,\"color\":\"gray\"}",
				"{'translate':'simplenergy', 'italic': true, 'color': 'blue'}"
			],
			"minecraft:profile": {
				"id": [
					-709098200,
					1001541428,
					-2043264882,
					-430220135
				],
				"properties": [
					{"name": "textures","value": "eyJ0ZXh0dXJlcyI6eyJTS0lOIjp7InVybCI6Imh0dHA6Ly90ZXh0dXJlcy5taW5lY3JhZnQubmV0L3RleHR1cmUvOTE2MTcxZjY3ZGUxNzQxMzA4ZTUxYzNmNTBkODE1M2YzMmIzNDljNDYwODgxYzZjODM5ZTYwMTk1NDM1ODliMSJ9fX0="}
				]
			},
			"minecraft:item_name": "{'translate':'simplenergy.simple_cable', 'italic': false, 'color': 'white'}"
		}
	}
}
