{
	"type": "minecraft:crafting_shaped",
	"category": "equipment",
	"pattern": [
		"QBQ",
		"NGN",
		"NIN"
	],
	"key": {
		"Q": {
			"item": "minecraft:quartz"
		},
		"B": {
			"item": "minecraft:breeze_rod"
		},
		"N": {
			"item": "minecraft:gold_nugget"
		},
		"G": {
			"item": "minecraft:raw_gold_block"
		},
		"I": {
			"item": "minecraft:iron_block"
		}
	},
	"result": {
		"id": "minecraft:command_block",
		"count": 1,
		"components": {
			"minecraft:lore": [
				"{\"translate\":\"simplenergy.unlocks_a_blocked_slot_in_a_machine\",\"italic\":false,\"color\":\"gray\"}",
				"{'translate':'simplenergy', 'italic': true, 'color': 'blue'}"
			],
			"minecraft:custom_model_data": 2012045,
			"minecraft:item_name": "{'translate':'simplenergy.slot_unlocker', 'italic': false, 'color': 'white'}",
			"minecraft:custom_data": {
				"simplenergy": {
					"slot_unlocker": true
				},
				"smithed": {
					"ignore": {"functionality": true,"crafting": true}
				}
			}
		}
	}
}
