{
	"type": "minecraft:crafting_shaped",
	"category": "misc",
	"pattern": [
		"LLL",
		"LDL",
		"III"
	],
	"key": {
		"L": {
			"item": "minecraft:lapis_lazuli"
		},
		"D": {
			"item": "minecraft:daylight_detector"
		},
		"I": {
			"item": "minecraft:iron_block"
		}
	},
	"result": {
		"id": "minecraft:furnace",
		"count": 1,
		"components": {
			"minecraft:custom_data": {
				"energy": {
					"generation": 4,
					"max_storage": 120
				},
				"simplenergy": {
					"solar_panel": true
				},
				"smithed": {
					"ignore": {"functionality": true,"crafting": true}
				}
			},
			"minecraft:lore": [
				"{\"translate\":\"simplenergy.energy_generation_4_kw\",\"italic\":false,\"color\":\"gray\"}",
				"{\"translate\":\"simplenergy.energy_buffer_600_kj\",\"italic\":false,\"color\":\"gray\"}",
				"{'translate':'simplenergy', 'italic': true, 'color': 'blue'}"
			],
			"minecraft:custom_model_data": 2012025,
			"minecraft:item_name": "{'translate':'simplenergy.solar_panel', 'italic': false, 'color': 'white'}",
			"minecraft:container": [
				{
					"slot": 0,
					"item": {"id": "minecraft:stone","count": 1,"components": {"minecraft:custom_data": {"smithed": {"block": {"id": "simplenergy:solar_panel","from": "simplenergy"}}}}}
				}
			]
		}
	}
}
