{
  "display": {
    "icon": {
      "item": "minecraft:player_head",
      "nbt": "{SkullOwner:{Id:[I;-16677274,-2092873373,-2138865010,388938733],Properties:{textures:[{Value:\"eyJ0ZXh0dXJlcyI6eyJTS0lOIjp7InVybCI6Imh0dHA6Ly90ZXh0dXJlcy5taW5lY3JhZnQubmV0L3RleHR1cmUvNGI4NTJlZTkwYjgzZDkyOTM5NjBmYTY0NGMyNTZkNjU1ODJjYjk5YWFlYjU5MzAzZjdlYzM1NWFiZTNmZjQwNiJ9fX0=\"}]}}}"
    },
    "title": {
      "translate":"Get back your enchantments"
    },
    "description": {
      "translate": "Switch to extracting mode using the Technical Anvil UI",
      "color": "green"
    },
    "frame": "task",
    "show_toast": true,
    "announce_to_chat": false,
    "hidden": false
  },
  "parent": "enchadv:start/technical_anvil",
  "criteria": {
    "requirement": {
      "trigger": "minecraft:impossible"
    }
  }
}
