{
  "pools": [
    {
      "rolls": 1,
      "entries": [
        {
          "type": "minecraft:loot_table",
          "weight": 1,
          "name": "enchantplus:loot_chest/set_enchanted_book/chopping"
        },
        {
          "type": "minecraft:loot_table",
          "weight": 2,
          "name": "enchantplus:loot_chest/set_enchanted_book/excavator"
        },
        {
          "type": "minecraft:loot_table",
          "weight": 2,
          "name": "enchantplus:loot_chest/set_enchanted_book/scyther"
        },
        {
          "type": "minecraft:loot_table",
          "weight": 1,
          "name": "enchantplus:loot_chest/set_enchanted_book/grand_tilling"
        },
        {
          "type": "minecraft:loot_table",
          "weight": 2,
          "name": "enchantplus:loot_chest/set_enchanted_book/haste"
        },
        {
          "type": "minecraft:loot_table",
          "weight": 2,
          "name": "enchantplus:loot_chest/set_enchanted_book/mining_plus"
        },
        {
          "type": "minecraft:loot_table",
          "weight": 1,
          "name": "enchantplus:loot_chest/set_enchanted_book/auto_smelt"
        },
        {
          "type": "minecraft:loot_table",
          "weight": 1,
          "name": "enchantplus:loot_chest/set_enchanted_book/vein_miner"
        },
        {
          "type": "minecraft:loot_table",
          "weight": 1,
          "name": "enchantplus:loot_chest/set_enchanted_book/replant"
        },
        {
          "type": "minecraft:loot_table",
          "weight": 1,
          "name": "enchantplus:loot_chest/set_enchanted_book/timber"
        },
        {
          "type": "minecraft:loot_table",
          "weight": 3,
          "name": "enchantplus:loot_chest/set_enchanted_book/poison_aspect"
        },
        {
          "type": "minecraft:loot_table",
          "weight": 3,
          "name": "enchantplus:loot_chest/set_enchanted_book/arachnid"
        },
        {
          "type": "minecraft:loot_table",
          "weight": 3,
          "name": "enchantplus:loot_chest/set_enchanted_book/anti_venom"
        }
      ]
    }
  ]
}
