{
  "display": {
    "icon": {
      "id": "minecraft:slime_block"
    },
    "title": {
      "text": "Jumps",
      "color": "yellow"
    },
    "description": {
      "text": "Cat\u00e9gorie des jumps",
      "color": "aqua"
    },
    "frame": "goal",
    "show_toast": false,
    "announce_to_chat": false,
    "hidden": false
  },
  "criteria": {
    "requirement": {
      "trigger": "minecraft:impossible"
    }
  },
  "requirements": [
    [
      "requirement"
    ]
  ],
  "parent": "switch:tutorial"
}
