{
  "type": "minecraft:entity",
  "pools": [
    {
      "rolls": 1,
      "entries": [
        {
          "type": "minecraft:item",
          "functions": [
            {
              "function": "minecraft:set_count",
              "count": {
                "type": "minecraft:uniform",
                "min": 0,
                "max": 2
              },
              "add": false
            },
            {
              "function": "minecraft:looting_enchant",
              "count": {
                "type": "minecraft:uniform",
                "min": 0,
                "max": 1
              }
            }
          ],
          "name": "minecraft:gunpowder"
        }
      ]
    },
    {
      "rolls":1,
      "entries": [
        {
          "type": "minecraft:loot_table",
          "name": "tcc:items/charged_music_disc"
        }
      ],
      "conditions": [
        {
          "condition": "minecraft:entity_properties",
          "entity": "this",
          "predicate": {
            "nbt": "{powered:1b}"
          }
        },
        {
          "condition": "minecraft:entity_properties",
          "entity": "killer",
          "predicate": {
            "type": "#minecraft:skeletons"
          }
        }
      ]
    },
    {
      "rolls": 1,
      "entries": [
        {
          "type": "minecraft:tag",
          "name": "minecraft:creeper_drop_music_discs",
          "expand": true
        }
      ],
      "conditions": [
        {
          "condition": "minecraft:entity_properties",
          "entity": "killer",
          "predicate": {
            "type": "#minecraft:skeletons"
          }
        },
        {
          "condition": "minecraft:inverted",
          "term": {
            "condition": "minecraft:entity_properties",
            "entity": "this",
            "predicate": {
              "nbt": "{powered:1b}"
            }
          }
        }
      ]
    },
    {
      "rolls": 1,
      "entries": [
        {
          "type": "minecraft:alternatives",
          "children": [
            {
              "type": "minecraft:loot_table",
              "name": "tcc:items/charged_music_disc_pigstep",
              "conditions": [
                {
                  "condition": "minecraft:entity_properties",
                  "entity": "this",
                  "predicate": {
                    "nbt": "{powered:1b}"
                  }
                }
              ]
            },
            {
              "type": "minecraft:item",
              "name": "minecraft:music_disc_pigstep"
            }
          ]
        }
      ],
      "conditions": [
        {
          "condition": "minecraft:entity_properties",
          "entity": "killer",
          "predicate": {
            "type": "minecraft:piglin"
          }
        }
      ]
    },
    {
      "rolls": 1,
      "entries": [
        {
          "type": "minecraft:alternatives",
          "children": [
            {
              "type": "minecraft:loot_table",
              "name": "tcc:items/charged_music_disc_otherside",
              "conditions": [
                {
                  "condition": "minecraft:entity_properties",
                  "entity": "this",
                  "predicate": {
                    "nbt": "{powered:1b}"
                  }
                }
              ]
            },
            {
              "type": "minecraft:item",
              "name": "minecraft:music_disc_otherside"
            }
          ]
        }
      ],
      "conditions": [
        {
          "condition": "minecraft:entity_properties",
          "entity": "killer",
          "predicate": {
            "type": "minecraft:shulker"
          }
        }
      ]
    },
    {
      "rolls": 1,
      "entries": [
        {
          "type": "minecraft:item",
          "name": "minecraft:disc_fragment_5"
        }
      ],
      "conditions": [
        {
          "condition": "minecraft:entity_properties",
          "entity": "killer",
          "predicate": {
            "type": "minecraft:warden"
          }
        }
      ]
    },
    {
      "rolls": 1,
      "entries": [
        {
          "type": "minecraft:item",
          "name": "minecraft:egg",
          "functions": [
            {
              "function": "minecraft:set_lore",
              "lore": [
                {
                  "translate": "item.tcc.easter_egg.lore"
                }
              ]
            }
          ]
        }
      ],
      "conditions": [
        {
          "condition": "minecraft:entity_properties",
          "entity": "this",
          "predicate": {
            "nbt": "{CustomName:\"{\\\"text\\\":\\\"CreeperMagnet_\\\"}\"}"
          }
        }
      ]
    }
  ],
  "__smithed__": {
    "rules": [
      {
        "type":"smithed:append",
        "target":"pools[1].conditions",
        "source": {
          "type":"smithed:reference",
          "path":"pools[2].conditions[1]"
        }
      },
      {
        "type":"smithed:insert",
        "target":"pools",
        "index":"1",
        "source": {
          "type":"smithed:reference",
          "path":"pools[1]"
        }
      },
      {
        "type":"smithed:append",
        "target":"pools",
        "source": {
          "type":"smithed:reference",
          "path":"pools[2]"
        }
      },
      {
        "type":"smithed:append",
        "target":"pools",
        "source": {
          "type":"smithed:reference",
          "path":"pools[3]"
        }
      },
      {
        "type":"smithed:append",
        "target":"pools",
        "source": {
          "type":"smithed:reference",
          "path":"pools[4]"
        }
      },
      {
        "type":"smithed:append",
        "target":"pools",
        "source": {
          "type":"smithed:reference",
          "path":"pools[5]"
        }
      }
    ]
  }
}
