{
  "type": "minecraft:entity",
  "pools": [
    {
      "rolls": 1.0,
      "bonus_rolls": 0.0,
      "entries": [
        {
          "type": "minecraft:item",
          "name": "minecraft:shulker_shell",
          "functions": [
            {
              "function": "minecraft:set_count",
              "count": 2
            }
          ]
        }
      ],
      "conditions": [
        {
          "condition": "minecraft:random_chance_with_looting",
          "chance": 0.5,
          "looting_multiplier": 0.16666666666666666
        }
      ]
    }
  ],
  "__smithed__": {
    "rules": [
      {
        "type":"smithed:append",
        "target":"pools[0].entries[0].functions",
        "source": {
          "type":"smithed:reference",
          "path":"pools[0].entries[0].functions[0]"
        }
      },
      {
        "type":"smithed:merge",
        "target":"pools[0].conditions[0].looting_multiplier",
        "source": {
          "type":"smithed:reference",
          "path":"pools[0].conditions[0].looting_multiplier"
        }
      }
    ]
  }
}