{
  "function": "minecraft:set_components",
  "components": {
    "minecraft:written_book_content": {
      "title": "Guide",
      "author": "AirDox_",
      "pages": [
        "[\"\", {\"translate\": \"grappling_hook.name\", \"font\": \"grappling_hook:big_font\"}, \"\\n\\n\", {\"translate\": \"grappling_hook.guide.first_page\"}, \"\\n\", {\"text\": \"\\uef03\\ue072\\uef03\", \"font\": \"grappling_hook:pages\", \"color\": \"white\", \"hoverEvent\": {\"action\": \"show_item\", \"contents\": {\"id\": \"minecraft:furnace\", \"components\": {\"minecraft:item_name\": \"{\\\"translate\\\": \\\"block.smithed.crafter\\\"}\"}}}, \"clickEvent\": {\"action\": \"change_page\", \"value\": \"2\"}}, {\"text\": \"\\uef03\\ue062\\uef03\", \"font\": \"grappling_hook:pages\", \"color\": \"white\", \"hoverEvent\": {\"action\": \"show_item\", \"contents\": {\"id\": \"minecraft:crossbow\", \"components\": {\"minecraft:item_name\": \"{\\\"translate\\\": \\\"grappling_hook.item.basic_grappling_hook\\\", \\\"color\\\": \\\"white\\\", \\\"fallback\\\": \\\"Basic Grappling hook\\\"}\", \"minecraft:lore\": [\"{\\\"translate\\\": \\\"grappling_hook.name\\\", \\\"color\\\": \\\"blue\\\", \\\"italic\\\": true}\"]}}}, \"clickEvent\": {\"action\": \"change_page\", \"value\": \"3\"}}, {\"text\": \"\\uef03\\ue066\\uef03\", \"font\": \"grappling_hook:pages\", \"color\": \"white\", \"hoverEvent\": {\"action\": \"show_item\", \"contents\": {\"id\": \"minecraft:crossbow\", \"components\": {\"minecraft:item_name\": \"{\\\"translate\\\": \\\"grappling_hook.item.normal_grappling_hook\\\", \\\"color\\\": \\\"white\\\", \\\"fallback\\\": \\\"Normal Grappling hook\\\"}\", \"minecraft:lore\": [\"{\\\"translate\\\": \\\"grappling_hook.name\\\", \\\"color\\\": \\\"blue\\\", \\\"italic\\\": true}\"]}}}, \"clickEvent\": {\"action\": \"change_page\", \"value\": \"4\"}}, {\"text\": \"\\uef03\\ue06a\\uef03\", \"font\": \"grappling_hook:pages\", \"color\": \"white\", \"hoverEvent\": {\"action\": \"show_item\", \"contents\": {\"id\": \"minecraft:crossbow\", \"components\": {\"minecraft:item_name\": \"{\\\"translate\\\": \\\"grappling_hook.item.advanced_grappling_hook\\\", \\\"color\\\": \\\"white\\\", \\\"fallback\\\": \\\"Advanced Grappling hook\\\"}\", \"minecraft:lore\": [\"{\\\"translate\\\": \\\"grappling_hook.name\\\", \\\"color\\\": \\\"blue\\\", \\\"italic\\\": true}\"]}}}, \"clickEvent\": {\"action\": \"change_page\", \"value\": \"5\"}}, {\"text\": \"\\uef03\\ue06e\\uef03\", \"font\": \"grappling_hook:pages\", \"color\": \"white\", \"hoverEvent\": {\"action\": \"show_item\", \"contents\": {\"id\": \"minecraft:written_book\", \"components\": {\"minecraft:item_name\": \"{\\\"translate\\\": \\\"grappling_hook.item.guide\\\", \\\"color\\\": \\\"white\\\", \\\"fallback\\\": \\\"Guide\\\"}\", \"minecraft:lore\": [\"{\\\"translate\\\": \\\"grappling_hook.name\\\", \\\"color\\\": \\\"blue\\\", \\\"italic\\\": true}\"]}}}, \"clickEvent\": {\"action\": \"change_page\", \"value\": \"6\"}}, \"\\n\", {\"text\": \"\\uef01\", \"font\": \"grappling_hook:pages\", \"color\": \"white\", \"hoverEvent\": {\"action\": \"show_item\", \"contents\": {\"id\": \"minecraft:furnace\", \"components\": {\"minecraft:item_name\": \"{\\\"translate\\\": \\\"block.smithed.crafter\\\"}\"}}}, \"clickEvent\": {\"action\": \"change_page\", \"value\": \"2\"}}, {\"text\": \"\\uef01\", \"font\": \"grappling_hook:pages\", \"color\": \"white\", \"hoverEvent\": {\"action\": \"show_item\", \"contents\": {\"id\": \"minecraft:crossbow\", \"components\": {\"minecraft:item_name\": \"{\\\"translate\\\": \\\"grappling_hook.item.basic_grappling_hook\\\", \\\"color\\\": \\\"white\\\", \\\"fallback\\\": \\\"Basic Grappling hook\\\"}\", \"minecraft:lore\": [\"{\\\"translate\\\": \\\"grappling_hook.name\\\", \\\"color\\\": \\\"blue\\\", \\\"italic\\\": true}\"]}}}, \"clickEvent\": {\"action\": \"change_page\", \"value\": \"3\"}}, {\"text\": \"\\uef01\", \"font\": \"grappling_hook:pages\", \"color\": \"white\", \"hoverEvent\": {\"action\": \"show_item\", \"contents\": {\"id\": \"minecraft:crossbow\", \"components\": {\"minecraft:item_name\": \"{\\\"translate\\\": \\\"grappling_hook.item.normal_grappling_hook\\\", \\\"color\\\": \\\"white\\\", \\\"fallback\\\": \\\"Normal Grappling hook\\\"}\", \"minecraft:lore\": [\"{\\\"translate\\\": \\\"grappling_hook.name\\\", \\\"color\\\": \\\"blue\\\", \\\"italic\\\": true}\"]}}}, \"clickEvent\": {\"action\": \"change_page\", \"value\": \"4\"}}, {\"text\": \"\\uef01\", \"font\": \"grappling_hook:pages\", \"color\": \"white\", \"hoverEvent\": {\"action\": \"show_item\", \"contents\": {\"id\": \"minecraft:crossbow\", \"components\": {\"minecraft:item_name\": \"{\\\"translate\\\": \\\"grappling_hook.item.advanced_grappling_hook\\\", \\\"color\\\": \\\"white\\\", \\\"fallback\\\": \\\"Advanced Grappling hook\\\"}\", \"minecraft:lore\": [\"{\\\"translate\\\": \\\"grappling_hook.name\\\", \\\"color\\\": \\\"blue\\\", \\\"italic\\\": true}\"]}}}, \"clickEvent\": {\"action\": \"change_page\", \"value\": \"5\"}}, {\"text\": \"\\uef01\", \"font\": \"grappling_hook:pages\", \"color\": \"white\", \"hoverEvent\": {\"action\": \"show_item\", \"contents\": {\"id\": \"minecraft:written_book\", \"components\": {\"minecraft:item_name\": \"{\\\"translate\\\": \\\"grappling_hook.item.guide\\\", \\\"color\\\": \\\"white\\\", \\\"fallback\\\": \\\"Guide\\\"}\", \"minecraft:lore\": [\"{\\\"translate\\\": \\\"grappling_hook.name\\\", \\\"color\\\": \\\"blue\\\", \\\"italic\\\": true}\"]}}}, \"clickEvent\": {\"action\": \"change_page\", \"value\": \"6\"}}, \"\\n\"]",
        "[\"\", {\"translate\": \"block.smithed.crafter\", \"font\": \"grappling_hook:medium_font\", \"color\": \"black\"}, {\"text\": \"\\n\\uef13 \\uef14\\n\", \"font\": \"grappling_hook:pages\", \"color\": \"white\"}, \"\\n\", {\"text\": \"\\uef00\\uef00\", \"font\": \"grappling_hook:pages\", \"color\": \"white\"}, {\"text\": \"\\uef03\\ue09e\\uef03\", \"font\": \"grappling_hook:pages\", \"color\": \"white\", \"hoverEvent\": {\"action\": \"show_item\", \"contents\": {\"id\": \"minecraft:oak_log\"}}}, {\"text\": \"\\uef03\\ue09e\\uef03\", \"font\": \"grappling_hook:pages\", \"color\": \"white\", \"hoverEvent\": {\"action\": \"show_item\", \"contents\": {\"id\": \"minecraft:oak_log\"}}}, {\"text\": \"\\uef03\\ue09e\\uef03\", \"font\": \"grappling_hook:pages\", \"color\": \"white\", \"hoverEvent\": {\"action\": \"show_item\", \"contents\": {\"id\": \"minecraft:oak_log\"}}}, \"\\n\", {\"text\": \"\\uef00\\uef00\", \"font\": \"grappling_hook:pages\", \"color\": \"white\"}, {\"text\": \"\\uef01\", \"font\": \"grappling_hook:pages\", \"color\": \"white\", \"hoverEvent\": {\"action\": \"show_item\", \"contents\": {\"id\": \"minecraft:oak_log\"}}}, {\"text\": \"\\uef01\", \"font\": \"grappling_hook:pages\", \"color\": \"white\", \"hoverEvent\": {\"action\": \"show_item\", \"contents\": {\"id\": \"minecraft:oak_log\"}}}, {\"text\": \"\\uef01\", \"font\": \"grappling_hook:pages\", \"color\": \"white\", \"hoverEvent\": {\"action\": \"show_item\", \"contents\": {\"id\": \"minecraft:oak_log\"}}}, {\"text\": \"\\uef00\\uef00\\uef00\\uef00\", \"font\": \"grappling_hook:pages\", \"color\": \"white\"}, {\"text\": \"\\uef02\\uef02\", \"font\": \"grappling_hook:pages\", \"color\": \"white\", \"hoverEvent\": {\"action\": \"show_item\", \"contents\": {\"id\": \"minecraft:furnace\", \"components\": {\"minecraft:item_name\": \"{\\\"translate\\\": \\\"block.smithed.crafter\\\"}\"}}}, \"clickEvent\": {\"action\": \"change_page\", \"value\": \"2\"}}, \"\\n\", {\"text\": \"\\uef00\\uef00\", \"font\": \"grappling_hook:pages\", \"color\": \"white\"}, {\"text\": \"\\uef03\\ue09f\\uef03\", \"font\": \"grappling_hook:pages\", \"color\": \"white\", \"hoverEvent\": {\"action\": \"show_item\", \"contents\": {\"id\": \"minecraft:oak_log\"}}}, {\"text\": \"\\uef03\\ue0a3\\uef03\", \"font\": \"grappling_hook:pages\", \"color\": \"white\", \"hoverEvent\": {\"action\": \"show_item\", \"contents\": {\"id\": \"minecraft:crafting_table\"}}}, {\"text\": \"\\uef03\\ue09f\\uef03\", \"font\": \"grappling_hook:pages\", \"color\": \"white\", \"hoverEvent\": {\"action\": \"show_item\", \"contents\": {\"id\": \"minecraft:oak_log\"}}}, {\"text\": \"\\uef00\\uef00\\uef00\\uef00\", \"font\": \"grappling_hook:pages\", \"color\": \"white\"}, {\"text\": \"\\uef00\\uef00\\uef03\\ue072\\uef00\\uef00\\uef03\\uef00\", \"font\": \"grappling_hook:pages\", \"color\": \"white\", \"hoverEvent\": {\"action\": \"show_item\", \"contents\": {\"id\": \"minecraft:furnace\", \"components\": {\"minecraft:item_name\": \"{\\\"translate\\\": \\\"block.smithed.crafter\\\"}\"}}}, \"clickEvent\": {\"action\": \"change_page\", \"value\": \"2\"}}, \"\\n\", {\"text\": \"\\uef00\\uef00\", \"font\": \"grappling_hook:pages\", \"color\": \"white\"}, {\"text\": \"\\uef01\", \"font\": \"grappling_hook:pages\", \"color\": \"white\", \"hoverEvent\": {\"action\": \"show_item\", \"contents\": {\"id\": \"minecraft:oak_log\"}}}, {\"text\": \"\\uef01\", \"font\": \"grappling_hook:pages\", \"color\": \"white\", \"hoverEvent\": {\"action\": \"show_item\", \"contents\": {\"id\": \"minecraft:crafting_table\"}}}, {\"text\": \"\\uef01\", \"font\": \"grappling_hook:pages\", \"color\": \"white\", \"hoverEvent\": {\"action\": \"show_item\", \"contents\": {\"id\": \"minecraft:oak_log\"}}}, {\"text\": \"\\uef00\\uef00\\uef00\\uef00\", \"font\": \"grappling_hook:pages\", \"color\": \"white\"}, {\"text\": \"\\uef02\\uef02\", \"font\": \"grappling_hook:pages\", \"color\": \"white\", \"hoverEvent\": {\"action\": \"show_item\", \"contents\": {\"id\": \"minecraft:furnace\", \"components\": {\"minecraft:item_name\": \"{\\\"translate\\\": \\\"block.smithed.crafter\\\"}\"}}}, \"clickEvent\": {\"action\": \"change_page\", \"value\": \"2\"}}, \"\\n\", {\"text\": \"\\uef00\\uef00\", \"font\": \"grappling_hook:pages\", \"color\": \"white\"}, {\"text\": \"\\uef03\\ue0a8\\uef03\", \"font\": \"grappling_hook:pages\", \"color\": \"white\", \"hoverEvent\": {\"action\": \"show_item\", \"contents\": {\"id\": \"minecraft:smooth_stone\"}}}, {\"text\": \"\\uef03\\ue0a8\\uef03\", \"font\": \"grappling_hook:pages\", \"color\": \"white\", \"hoverEvent\": {\"action\": \"show_item\", \"contents\": {\"id\": \"minecraft:smooth_stone\"}}}, {\"text\": \"\\uef03\\ue0a8\\uef03\", \"font\": \"grappling_hook:pages\", \"color\": \"white\", \"hoverEvent\": {\"action\": \"show_item\", \"contents\": {\"id\": \"minecraft:smooth_stone\"}}}, {\"text\": \"\\uef00\\uef00\\uef00\\uef00\", \"font\": \"grappling_hook:pages\", \"color\": \"white\"}, {\"text\": \"\\uef02\\uef02\", \"font\": \"grappling_hook:pages\", \"color\": \"white\", \"hoverEvent\": {\"action\": \"show_item\", \"contents\": {\"id\": \"minecraft:furnace\", \"components\": {\"minecraft:item_name\": \"{\\\"translate\\\": \\\"block.smithed.crafter\\\"}\"}}}, \"clickEvent\": {\"action\": \"change_page\", \"value\": \"2\"}}, \"\\n\", {\"text\": \"\\uef00\\uef00\", \"font\": \"grappling_hook:pages\", \"color\": \"white\"}, {\"text\": \"\\uef01\", \"font\": \"grappling_hook:pages\", \"color\": \"white\", \"hoverEvent\": {\"action\": \"show_item\", \"contents\": {\"id\": \"minecraft:smooth_stone\"}}}, {\"text\": \"\\uef01\", \"font\": \"grappling_hook:pages\", \"color\": \"white\", \"hoverEvent\": {\"action\": \"show_item\", \"contents\": {\"id\": \"minecraft:smooth_stone\"}}}, {\"text\": \"\\uef01\", \"font\": \"grappling_hook:pages\", \"color\": \"white\", \"hoverEvent\": {\"action\": \"show_item\", \"contents\": {\"id\": \"minecraft:smooth_stone\"}}}, \"\\n\", \"\\n\", {\"translate\": \"grappling_hook.guide.heavy_workbench\", \"color\": \"black\", \"fallback\": \"It's a crafting table that allows you to craft Grappling Hook items.\"}, \"\\n\"]",
        "[\"\", {\"translate\": \"grappling_hook.item.basic_grappling_hook\", \"color\": \"black\", \"fallback\": \"Basic Grappling hook\", \"font\": \"grappling_hook:medium_font\"}, {\"text\": \"\\n\\uef13 \\uef14\\n\", \"font\": \"grappling_hook:pages\", \"color\": \"white\"}, \"\\n\", {\"text\": \"\\uef00\\uef00\", \"font\": \"grappling_hook:pages\", \"color\": \"white\"}, {\"text\": \"\\uef03\\ue07e\\uef03\", \"font\": \"grappling_hook:pages\", \"color\": \"white\", \"hoverEvent\": {\"action\": \"show_item\", \"contents\": {\"id\": \"minecraft:cobblestone\"}}}, {\"text\": \"\\uef03\\ue07e\\uef03\", \"font\": \"grappling_hook:pages\", \"color\": \"white\", \"hoverEvent\": {\"action\": \"show_item\", \"contents\": {\"id\": \"minecraft:cobblestone\"}}}, {\"text\": \"\\uef01\", \"font\": \"grappling_hook:pages\", \"color\": \"white\"}, \"\\n\", {\"text\": \"\\uef00\\uef00\", \"font\": \"grappling_hook:pages\", \"color\": \"white\"}, {\"text\": \"\\uef01\", \"font\": \"grappling_hook:pages\", \"color\": \"white\", \"hoverEvent\": {\"action\": \"show_item\", \"contents\": {\"id\": \"minecraft:cobblestone\"}}}, {\"text\": \"\\uef01\", \"font\": \"grappling_hook:pages\", \"color\": \"white\", \"hoverEvent\": {\"action\": \"show_item\", \"contents\": {\"id\": \"minecraft:cobblestone\"}}}, {\"text\": \"\\uef01\", \"font\": \"grappling_hook:pages\", \"color\": \"white\"}, {\"text\": \"\\uef00\\uef00\\uef00\\uef00\", \"font\": \"grappling_hook:pages\", \"color\": \"white\"}, {\"text\": \"\\uef02\\uef02\", \"font\": \"grappling_hook:pages\", \"color\": \"white\", \"hoverEvent\": {\"action\": \"show_item\", \"contents\": {\"id\": \"minecraft:crossbow\", \"components\": {\"minecraft:item_name\": \"{\\\"translate\\\": \\\"grappling_hook.item.basic_grappling_hook\\\", \\\"color\\\": \\\"white\\\", \\\"fallback\\\": \\\"Basic Grappling hook\\\"}\", \"minecraft:lore\": [\"{\\\"translate\\\": \\\"grappling_hook.name\\\", \\\"color\\\": \\\"blue\\\", \\\"italic\\\": true}\"]}}}, \"clickEvent\": {\"action\": \"change_page\", \"value\": \"3\"}}, \"\\n\", {\"text\": \"\\uef00\\uef00\", \"font\": \"grappling_hook:pages\", \"color\": \"white\"}, {\"text\": \"\\uef03\\ue07f\\uef03\", \"font\": \"grappling_hook:pages\", \"color\": \"white\", \"hoverEvent\": {\"action\": \"show_item\", \"contents\": {\"id\": \"minecraft:cobblestone\"}}}, {\"text\": \"\\uef03\\ue077\\uef03\", \"font\": \"grappling_hook:pages\", \"color\": \"white\", \"hoverEvent\": {\"action\": \"show_item\", \"contents\": {\"id\": \"minecraft:crossbow\"}}}, {\"text\": \"\\uef03\\ue083\\uef03\", \"font\": \"grappling_hook:pages\", \"color\": \"white\", \"hoverEvent\": {\"action\": \"show_item\", \"contents\": {\"id\": \"minecraft:slime_ball\"}}}, {\"text\": \"\\uef00\\uef00\\uef00\\uef00\", \"font\": \"grappling_hook:pages\", \"color\": \"white\"}, {\"text\": \"\\uef00\\uef00\\uef03\\ue062\\uef00\\uef00\\uef03\\uef00\", \"font\": \"grappling_hook:pages\", \"color\": \"white\", \"hoverEvent\": {\"action\": \"show_item\", \"contents\": {\"id\": \"minecraft:crossbow\", \"components\": {\"minecraft:item_name\": \"{\\\"translate\\\": \\\"grappling_hook.item.basic_grappling_hook\\\", \\\"color\\\": \\\"white\\\", \\\"fallback\\\": \\\"Basic Grappling hook\\\"}\", \"minecraft:lore\": [\"{\\\"translate\\\": \\\"grappling_hook.name\\\", \\\"color\\\": \\\"blue\\\", \\\"italic\\\": true}\"]}}}, \"clickEvent\": {\"action\": \"change_page\", \"value\": \"3\"}}, \"\\n\", {\"text\": \"\\uef00\\uef00\", \"font\": \"grappling_hook:pages\", \"color\": \"white\"}, {\"text\": \"\\uef01\", \"font\": \"grappling_hook:pages\", \"color\": \"white\", \"hoverEvent\": {\"action\": \"show_item\", \"contents\": {\"id\": \"minecraft:cobblestone\"}}}, {\"text\": \"\\uef01\", \"font\": \"grappling_hook:pages\", \"color\": \"white\", \"hoverEvent\": {\"action\": \"show_item\", \"contents\": {\"id\": \"minecraft:crossbow\"}}}, {\"text\": \"\\uef01\", \"font\": \"grappling_hook:pages\", \"color\": \"white\", \"hoverEvent\": {\"action\": \"show_item\", \"contents\": {\"id\": \"minecraft:slime_ball\"}}}, {\"text\": \"\\uef00\\uef00\\uef00\\uef00\", \"font\": \"grappling_hook:pages\", \"color\": \"white\"}, {\"text\": \"\\uef02\\uef02\", \"font\": \"grappling_hook:pages\", \"color\": \"white\", \"hoverEvent\": {\"action\": \"show_item\", \"contents\": {\"id\": \"minecraft:crossbow\", \"components\": {\"minecraft:item_name\": \"{\\\"translate\\\": \\\"grappling_hook.item.basic_grappling_hook\\\", \\\"color\\\": \\\"white\\\", \\\"fallback\\\": \\\"Basic Grappling hook\\\"}\", \"minecraft:lore\": [\"{\\\"translate\\\": \\\"grappling_hook.name\\\", \\\"color\\\": \\\"blue\\\", \\\"italic\\\": true}\"]}}}, \"clickEvent\": {\"action\": \"change_page\", \"value\": \"3\"}}, \"\\n\", {\"text\": \"\\uef00\\uef00\", \"font\": \"grappling_hook:pages\", \"color\": \"white\"}, {\"text\": \"\\uef01\", \"font\": \"grappling_hook:pages\", \"color\": \"white\"}, {\"text\": \"\\uef03\\ue084\\uef03\", \"font\": \"grappling_hook:pages\", \"color\": \"white\", \"hoverEvent\": {\"action\": \"show_item\", \"contents\": {\"id\": \"minecraft:slime_ball\"}}}, {\"text\": \"\\uef03\\ue07c\\uef03\", \"font\": \"grappling_hook:pages\", \"color\": \"white\", \"hoverEvent\": {\"action\": \"show_item\", \"contents\": {\"id\": \"minecraft:lead\"}}}, {\"text\": \"\\uef00\\uef00\\uef00\\uef00\", \"font\": \"grappling_hook:pages\", \"color\": \"white\"}, {\"text\": \"\\uef02\\uef02\", \"font\": \"grappling_hook:pages\", \"color\": \"white\", \"hoverEvent\": {\"action\": \"show_item\", \"contents\": {\"id\": \"minecraft:crossbow\", \"components\": {\"minecraft:item_name\": \"{\\\"translate\\\": \\\"grappling_hook.item.basic_grappling_hook\\\", \\\"color\\\": \\\"white\\\", \\\"fallback\\\": \\\"Basic Grappling hook\\\"}\", \"minecraft:lore\": [\"{\\\"translate\\\": \\\"grappling_hook.name\\\", \\\"color\\\": \\\"blue\\\", \\\"italic\\\": true}\"]}}}, \"clickEvent\": {\"action\": \"change_page\", \"value\": \"3\"}}, \"\\n\", {\"text\": \"\\uef00\\uef00\", \"font\": \"grappling_hook:pages\", \"color\": \"white\"}, {\"text\": \"\\uef01\", \"font\": \"grappling_hook:pages\", \"color\": \"white\"}, {\"text\": \"\\uef01\", \"font\": \"grappling_hook:pages\", \"color\": \"white\", \"hoverEvent\": {\"action\": \"show_item\", \"contents\": {\"id\": \"minecraft:slime_ball\"}}}, {\"text\": \"\\uef01\", \"font\": \"grappling_hook:pages\", \"color\": \"white\", \"hoverEvent\": {\"action\": \"show_item\", \"contents\": {\"id\": \"minecraft:lead\"}}}, \"\\n\", \"\\n\", {\"translate\": \"grappling_hook.guide.basic\", \"color\": \"black\", \"fallback\": \"Has 60 uses and 10 of power.\"}, \"\\n\"]",
        "[\"\", {\"translate\": \"grappling_hook.item.normal_grappling_hook\", \"color\": \"black\", \"fallback\": \"Normal Grappling hook\", \"font\": \"grappling_hook:medium_font\"}, {\"text\": \"\\n\\uef13 \\uef14\\n\", \"font\": \"grappling_hook:pages\", \"color\": \"white\"}, \"\\n\", {\"text\": \"\\uef00\\uef00\", \"font\": \"grappling_hook:pages\", \"color\": \"white\"}, {\"text\": \"\\uef03\\ue08a\\uef03\", \"font\": \"grappling_hook:pages\", \"color\": \"white\", \"hoverEvent\": {\"action\": \"show_item\", \"contents\": {\"id\": \"minecraft:diamond\"}}}, {\"text\": \"\\uef03\\ue08a\\uef03\", \"font\": \"grappling_hook:pages\", \"color\": \"white\", \"hoverEvent\": {\"action\": \"show_item\", \"contents\": {\"id\": \"minecraft:diamond\"}}}, {\"text\": \"\\uef01\", \"font\": \"grappling_hook:pages\", \"color\": \"white\"}, \"\\n\", {\"text\": \"\\uef00\\uef00\", \"font\": \"grappling_hook:pages\", \"color\": \"white\"}, {\"text\": \"\\uef01\", \"font\": \"grappling_hook:pages\", \"color\": \"white\", \"hoverEvent\": {\"action\": \"show_item\", \"contents\": {\"id\": \"minecraft:diamond\"}}}, {\"text\": \"\\uef01\", \"font\": \"grappling_hook:pages\", \"color\": \"white\", \"hoverEvent\": {\"action\": \"show_item\", \"contents\": {\"id\": \"minecraft:diamond\"}}}, {\"text\": \"\\uef01\", \"font\": \"grappling_hook:pages\", \"color\": \"white\"}, {\"text\": \"\\uef00\\uef00\\uef00\\uef00\", \"font\": \"grappling_hook:pages\", \"color\": \"white\"}, {\"text\": \"\\uef02\\uef02\", \"font\": \"grappling_hook:pages\", \"color\": \"white\", \"hoverEvent\": {\"action\": \"show_item\", \"contents\": {\"id\": \"minecraft:crossbow\", \"components\": {\"minecraft:item_name\": \"{\\\"translate\\\": \\\"grappling_hook.item.normal_grappling_hook\\\", \\\"color\\\": \\\"white\\\", \\\"fallback\\\": \\\"Normal Grappling hook\\\"}\", \"minecraft:lore\": [\"{\\\"translate\\\": \\\"grappling_hook.name\\\", \\\"color\\\": \\\"blue\\\", \\\"italic\\\": true}\"]}}}, \"clickEvent\": {\"action\": \"change_page\", \"value\": \"4\"}}, \"\\n\", {\"text\": \"\\uef00\\uef00\", \"font\": \"grappling_hook:pages\", \"color\": \"white\"}, {\"text\": \"\\uef03\\ue08b\\uef03\", \"font\": \"grappling_hook:pages\", \"color\": \"white\", \"hoverEvent\": {\"action\": \"show_item\", \"contents\": {\"id\": \"minecraft:diamond\"}}}, {\"text\": \"\\uef03\\ue063\\uef03\", \"font\": \"grappling_hook:pages\", \"color\": \"white\", \"hoverEvent\": {\"action\": \"show_item\", \"contents\": {\"id\": \"minecraft:crossbow\", \"components\": {\"minecraft:item_name\": \"{\\\"translate\\\": \\\"grappling_hook.item.basic_grappling_hook\\\", \\\"color\\\": \\\"white\\\", \\\"fallback\\\": \\\"Basic Grappling hook\\\"}\", \"minecraft:lore\": [\"{\\\"translate\\\": \\\"grappling_hook.name\\\", \\\"color\\\": \\\"blue\\\", \\\"italic\\\": true}\"]}}}, \"clickEvent\": {\"action\": \"change_page\", \"value\": \"3\"}}, {\"text\": \"\\uef03\\ue087\\uef03\", \"font\": \"grappling_hook:pages\", \"color\": \"white\", \"hoverEvent\": {\"action\": \"show_item\", \"contents\": {\"id\": \"minecraft:slime_block\"}}}, {\"text\": \"\\uef00\\uef00\\uef00\\uef00\", \"font\": \"grappling_hook:pages\", \"color\": \"white\"}, {\"text\": \"\\uef00\\uef00\\uef03\\ue066\\uef00\\uef00\\uef03\\uef00\", \"font\": \"grappling_hook:pages\", \"color\": \"white\", \"hoverEvent\": {\"action\": \"show_item\", \"contents\": {\"id\": \"minecraft:crossbow\", \"components\": {\"minecraft:item_name\": \"{\\\"translate\\\": \\\"grappling_hook.item.normal_grappling_hook\\\", \\\"color\\\": \\\"white\\\", \\\"fallback\\\": \\\"Normal Grappling hook\\\"}\", \"minecraft:lore\": [\"{\\\"translate\\\": \\\"grappling_hook.name\\\", \\\"color\\\": \\\"blue\\\", \\\"italic\\\": true}\"]}}}, \"clickEvent\": {\"action\": \"change_page\", \"value\": \"4\"}}, \"\\n\", {\"text\": \"\\uef00\\uef00\", \"font\": \"grappling_hook:pages\", \"color\": \"white\"}, {\"text\": \"\\uef01\", \"font\": \"grappling_hook:pages\", \"color\": \"white\", \"hoverEvent\": {\"action\": \"show_item\", \"contents\": {\"id\": \"minecraft:diamond\"}}}, {\"text\": \"\\uef01\", \"font\": \"grappling_hook:pages\", \"color\": \"white\", \"hoverEvent\": {\"action\": \"show_item\", \"contents\": {\"id\": \"minecraft:crossbow\", \"components\": {\"minecraft:item_name\": \"{\\\"translate\\\": \\\"grappling_hook.item.basic_grappling_hook\\\", \\\"color\\\": \\\"white\\\", \\\"fallback\\\": \\\"Basic Grappling hook\\\"}\", \"minecraft:lore\": [\"{\\\"translate\\\": \\\"grappling_hook.name\\\", \\\"color\\\": \\\"blue\\\", \\\"italic\\\": true}\"]}}}, \"clickEvent\": {\"action\": \"change_page\", \"value\": \"3\"}}, {\"text\": \"\\uef01\", \"font\": \"grappling_hook:pages\", \"color\": \"white\", \"hoverEvent\": {\"action\": \"show_item\", \"contents\": {\"id\": \"minecraft:slime_block\"}}}, {\"text\": \"\\uef00\\uef00\\uef00\\uef00\", \"font\": \"grappling_hook:pages\", \"color\": \"white\"}, {\"text\": \"\\uef02\\uef02\", \"font\": \"grappling_hook:pages\", \"color\": \"white\", \"hoverEvent\": {\"action\": \"show_item\", \"contents\": {\"id\": \"minecraft:crossbow\", \"components\": {\"minecraft:item_name\": \"{\\\"translate\\\": \\\"grappling_hook.item.normal_grappling_hook\\\", \\\"color\\\": \\\"white\\\", \\\"fallback\\\": \\\"Normal Grappling hook\\\"}\", \"minecraft:lore\": [\"{\\\"translate\\\": \\\"grappling_hook.name\\\", \\\"color\\\": \\\"blue\\\", \\\"italic\\\": true}\"]}}}, \"clickEvent\": {\"action\": \"change_page\", \"value\": \"4\"}}, \"\\n\", {\"text\": \"\\uef00\\uef00\", \"font\": \"grappling_hook:pages\", \"color\": \"white\"}, {\"text\": \"\\uef01\", \"font\": \"grappling_hook:pages\", \"color\": \"white\"}, {\"text\": \"\\uef03\\ue088\\uef03\", \"font\": \"grappling_hook:pages\", \"color\": \"white\", \"hoverEvent\": {\"action\": \"show_item\", \"contents\": {\"id\": \"minecraft:slime_block\"}}}, {\"text\": \"\\uef01\", \"font\": \"grappling_hook:pages\", \"color\": \"white\"}, {\"text\": \"\\uef00\\uef00\\uef00\\uef00\", \"font\": \"grappling_hook:pages\", \"color\": \"white\"}, {\"text\": \"\\uef02\\uef02\", \"font\": \"grappling_hook:pages\", \"color\": \"white\", \"hoverEvent\": {\"action\": \"show_item\", \"contents\": {\"id\": \"minecraft:crossbow\", \"components\": {\"minecraft:item_name\": \"{\\\"translate\\\": \\\"grappling_hook.item.normal_grappling_hook\\\", \\\"color\\\": \\\"white\\\", \\\"fallback\\\": \\\"Normal Grappling hook\\\"}\", \"minecraft:lore\": [\"{\\\"translate\\\": \\\"grappling_hook.name\\\", \\\"color\\\": \\\"blue\\\", \\\"italic\\\": true}\"]}}}, \"clickEvent\": {\"action\": \"change_page\", \"value\": \"4\"}}, \"\\n\", {\"text\": \"\\uef00\\uef00\", \"font\": \"grappling_hook:pages\", \"color\": \"white\"}, {\"text\": \"\\uef01\", \"font\": \"grappling_hook:pages\", \"color\": \"white\"}, {\"text\": \"\\uef01\", \"font\": \"grappling_hook:pages\", \"color\": \"white\", \"hoverEvent\": {\"action\": \"show_item\", \"contents\": {\"id\": \"minecraft:slime_block\"}}}, {\"text\": \"\\uef01\", \"font\": \"grappling_hook:pages\", \"color\": \"white\"}, \"\\n\", \"\\n\", {\"translate\": \"grappling_hook.guide.normal\", \"color\": \"black\", \"fallback\": \"Has 200 uses and 15 of power.\"}, \"\\n\"]",
        "[\"\", {\"translate\": \"grappling_hook.item.advanced_grappling_hook\", \"color\": \"black\", \"fallback\": \"Advanced Grappling hook\", \"font\": \"grappling_hook:medium_font\"}, {\"text\": \"\\n\\uef13 \\uef14\\n\", \"font\": \"grappling_hook:pages\", \"color\": \"white\"}, \"\\n\", {\"text\": \"\\uef00\\uef00\", \"font\": \"grappling_hook:pages\", \"color\": \"white\"}, {\"text\": \"\\uef03\\ue092\\uef03\", \"font\": \"grappling_hook:pages\", \"color\": \"white\", \"hoverEvent\": {\"action\": \"show_item\", \"contents\": {\"id\": \"minecraft:obsidian\"}}}, {\"text\": \"\\uef03\\ue092\\uef03\", \"font\": \"grappling_hook:pages\", \"color\": \"white\", \"hoverEvent\": {\"action\": \"show_item\", \"contents\": {\"id\": \"minecraft:obsidian\"}}}, {\"text\": \"\\uef01\", \"font\": \"grappling_hook:pages\", \"color\": \"white\"}, \"\\n\", {\"text\": \"\\uef00\\uef00\", \"font\": \"grappling_hook:pages\", \"color\": \"white\"}, {\"text\": \"\\uef01\", \"font\": \"grappling_hook:pages\", \"color\": \"white\", \"hoverEvent\": {\"action\": \"show_item\", \"contents\": {\"id\": \"minecraft:obsidian\"}}}, {\"text\": \"\\uef01\", \"font\": \"grappling_hook:pages\", \"color\": \"white\", \"hoverEvent\": {\"action\": \"show_item\", \"contents\": {\"id\": \"minecraft:obsidian\"}}}, {\"text\": \"\\uef01\", \"font\": \"grappling_hook:pages\", \"color\": \"white\"}, {\"text\": \"\\uef00\\uef00\\uef00\\uef00\", \"font\": \"grappling_hook:pages\", \"color\": \"white\"}, {\"text\": \"\\uef02\\uef02\", \"font\": \"grappling_hook:pages\", \"color\": \"white\", \"hoverEvent\": {\"action\": \"show_item\", \"contents\": {\"id\": \"minecraft:crossbow\", \"components\": {\"minecraft:item_name\": \"{\\\"translate\\\": \\\"grappling_hook.item.advanced_grappling_hook\\\", \\\"color\\\": \\\"white\\\", \\\"fallback\\\": \\\"Advanced Grappling hook\\\"}\", \"minecraft:lore\": [\"{\\\"translate\\\": \\\"grappling_hook.name\\\", \\\"color\\\": \\\"blue\\\", \\\"italic\\\": true}\"]}}}, \"clickEvent\": {\"action\": \"change_page\", \"value\": \"5\"}}, \"\\n\", {\"text\": \"\\uef00\\uef00\", \"font\": \"grappling_hook:pages\", \"color\": \"white\"}, {\"text\": \"\\uef03\\ue093\\uef03\", \"font\": \"grappling_hook:pages\", \"color\": \"white\", \"hoverEvent\": {\"action\": \"show_item\", \"contents\": {\"id\": \"minecraft:obsidian\"}}}, {\"text\": \"\\uef03\\ue067\\uef03\", \"font\": \"grappling_hook:pages\", \"color\": \"white\", \"hoverEvent\": {\"action\": \"show_item\", \"contents\": {\"id\": \"minecraft:crossbow\", \"components\": {\"minecraft:item_name\": \"{\\\"translate\\\": \\\"grappling_hook.item.normal_grappling_hook\\\", \\\"color\\\": \\\"white\\\", \\\"fallback\\\": \\\"Normal Grappling hook\\\"}\", \"minecraft:lore\": [\"{\\\"translate\\\": \\\"grappling_hook.name\\\", \\\"color\\\": \\\"blue\\\", \\\"italic\\\": true}\"]}}}, \"clickEvent\": {\"action\": \"change_page\", \"value\": \"4\"}}, {\"text\": \"\\uef03\\ue08f\\uef03\", \"font\": \"grappling_hook:pages\", \"color\": \"white\", \"hoverEvent\": {\"action\": \"show_item\", \"contents\": {\"id\": \"minecraft:elytra\"}}}, {\"text\": \"\\uef00\\uef00\\uef00\\uef00\", \"font\": \"grappling_hook:pages\", \"color\": \"white\"}, {\"text\": \"\\uef00\\uef00\\uef03\\ue06a\\uef00\\uef00\\uef03\\uef00\", \"font\": \"grappling_hook:pages\", \"color\": \"white\", \"hoverEvent\": {\"action\": \"show_item\", \"contents\": {\"id\": \"minecraft:crossbow\", \"components\": {\"minecraft:item_name\": \"{\\\"translate\\\": \\\"grappling_hook.item.advanced_grappling_hook\\\", \\\"color\\\": \\\"white\\\", \\\"fallback\\\": \\\"Advanced Grappling hook\\\"}\", \"minecraft:lore\": [\"{\\\"translate\\\": \\\"grappling_hook.name\\\", \\\"color\\\": \\\"blue\\\", \\\"italic\\\": true}\"]}}}, \"clickEvent\": {\"action\": \"change_page\", \"value\": \"5\"}}, \"\\n\", {\"text\": \"\\uef00\\uef00\", \"font\": \"grappling_hook:pages\", \"color\": \"white\"}, {\"text\": \"\\uef01\", \"font\": \"grappling_hook:pages\", \"color\": \"white\", \"hoverEvent\": {\"action\": \"show_item\", \"contents\": {\"id\": \"minecraft:obsidian\"}}}, {\"text\": \"\\uef01\", \"font\": \"grappling_hook:pages\", \"color\": \"white\", \"hoverEvent\": {\"action\": \"show_item\", \"contents\": {\"id\": \"minecraft:crossbow\", \"components\": {\"minecraft:item_name\": \"{\\\"translate\\\": \\\"grappling_hook.item.normal_grappling_hook\\\", \\\"color\\\": \\\"white\\\", \\\"fallback\\\": \\\"Normal Grappling hook\\\"}\", \"minecraft:lore\": [\"{\\\"translate\\\": \\\"grappling_hook.name\\\", \\\"color\\\": \\\"blue\\\", \\\"italic\\\": true}\"]}}}, \"clickEvent\": {\"action\": \"change_page\", \"value\": \"4\"}}, {\"text\": \"\\uef01\", \"font\": \"grappling_hook:pages\", \"color\": \"white\", \"hoverEvent\": {\"action\": \"show_item\", \"contents\": {\"id\": \"minecraft:elytra\"}}}, {\"text\": \"\\uef00\\uef00\\uef00\\uef00\", \"font\": \"grappling_hook:pages\", \"color\": \"white\"}, {\"text\": \"\\uef02\\uef02\", \"font\": \"grappling_hook:pages\", \"color\": \"white\", \"hoverEvent\": {\"action\": \"show_item\", \"contents\": {\"id\": \"minecraft:crossbow\", \"components\": {\"minecraft:item_name\": \"{\\\"translate\\\": \\\"grappling_hook.item.advanced_grappling_hook\\\", \\\"color\\\": \\\"white\\\", \\\"fallback\\\": \\\"Advanced Grappling hook\\\"}\", \"minecraft:lore\": [\"{\\\"translate\\\": \\\"grappling_hook.name\\\", \\\"color\\\": \\\"blue\\\", \\\"italic\\\": true}\"]}}}, \"clickEvent\": {\"action\": \"change_page\", \"value\": \"5\"}}, \"\\n\", {\"text\": \"\\uef00\\uef00\", \"font\": \"grappling_hook:pages\", \"color\": \"white\"}, {\"text\": \"\\uef01\", \"font\": \"grappling_hook:pages\", \"color\": \"white\"}, {\"text\": \"\\uef03\\ue090\\uef03\", \"font\": \"grappling_hook:pages\", \"color\": \"white\", \"hoverEvent\": {\"action\": \"show_item\", \"contents\": {\"id\": \"minecraft:elytra\"}}}, {\"text\": \"\\uef01\", \"font\": \"grappling_hook:pages\", \"color\": \"white\"}, {\"text\": \"\\uef00\\uef00\\uef00\\uef00\", \"font\": \"grappling_hook:pages\", \"color\": \"white\"}, {\"text\": \"\\uef02\\uef02\", \"font\": \"grappling_hook:pages\", \"color\": \"white\", \"hoverEvent\": {\"action\": \"show_item\", \"contents\": {\"id\": \"minecraft:crossbow\", \"components\": {\"minecraft:item_name\": \"{\\\"translate\\\": \\\"grappling_hook.item.advanced_grappling_hook\\\", \\\"color\\\": \\\"white\\\", \\\"fallback\\\": \\\"Advanced Grappling hook\\\"}\", \"minecraft:lore\": [\"{\\\"translate\\\": \\\"grappling_hook.name\\\", \\\"color\\\": \\\"blue\\\", \\\"italic\\\": true}\"]}}}, \"clickEvent\": {\"action\": \"change_page\", \"value\": \"5\"}}, \"\\n\", {\"text\": \"\\uef00\\uef00\", \"font\": \"grappling_hook:pages\", \"color\": \"white\"}, {\"text\": \"\\uef01\", \"font\": \"grappling_hook:pages\", \"color\": \"white\"}, {\"text\": \"\\uef01\", \"font\": \"grappling_hook:pages\", \"color\": \"white\", \"hoverEvent\": {\"action\": \"show_item\", \"contents\": {\"id\": \"minecraft:elytra\"}}}, {\"text\": \"\\uef01\", \"font\": \"grappling_hook:pages\", \"color\": \"white\"}, \"\\n\", \"\\n\", {\"translate\": \"grappling_hook.guide.advanced\", \"color\": \"black\", \"fallback\": \"Has 420 uses and 30 of power.\"}, \"\\n\"]",
        "[\"\", {\"translate\": \"grappling_hook.item.guide\", \"color\": \"black\", \"fallback\": \"Guide\", \"font\": \"grappling_hook:medium_font\"}, {\"text\": \"\\n\\uef13 \\uef14\\n\", \"font\": \"grappling_hook:pages\", \"color\": \"white\"}, \"\\n\", {\"text\": \"\\uef00\\uef00\", \"font\": \"grappling_hook:pages\", \"color\": \"white\"}, {\"text\": \"\\uef03\\ue096\\uef03\", \"font\": \"grappling_hook:pages\", \"color\": \"white\", \"hoverEvent\": {\"action\": \"show_item\", \"contents\": {\"id\": \"minecraft:book\"}}}, {\"text\": \"\\uef03\\ue082\\uef03\", \"font\": \"grappling_hook:pages\", \"color\": \"white\", \"hoverEvent\": {\"action\": \"show_item\", \"contents\": {\"id\": \"minecraft:slime_ball\"}}}, {\"text\": \"\\uef01\", \"font\": \"grappling_hook:pages\", \"color\": \"white\"}, \"\\n\", {\"text\": \"\\uef00\\uef00\", \"font\": \"grappling_hook:pages\", \"color\": \"white\"}, {\"text\": \"\\uef01\", \"font\": \"grappling_hook:pages\", \"color\": \"white\", \"hoverEvent\": {\"action\": \"show_item\", \"contents\": {\"id\": \"minecraft:book\"}}}, {\"text\": \"\\uef01\", \"font\": \"grappling_hook:pages\", \"color\": \"white\", \"hoverEvent\": {\"action\": \"show_item\", \"contents\": {\"id\": \"minecraft:slime_ball\"}}}, {\"text\": \"\\uef01\", \"font\": \"grappling_hook:pages\", \"color\": \"white\"}, {\"text\": \"\\uef00\\uef00\\uef00\\uef00\", \"font\": \"grappling_hook:pages\", \"color\": \"white\"}, {\"text\": \"\\uef02\\uef02\", \"font\": \"grappling_hook:pages\", \"color\": \"white\", \"hoverEvent\": {\"action\": \"show_item\", \"contents\": {\"id\": \"minecraft:written_book\", \"components\": {\"minecraft:item_name\": \"{\\\"translate\\\": \\\"grappling_hook.item.guide\\\", \\\"color\\\": \\\"white\\\", \\\"fallback\\\": \\\"Guide\\\"}\", \"minecraft:lore\": [\"{\\\"translate\\\": \\\"grappling_hook.name\\\", \\\"color\\\": \\\"blue\\\", \\\"italic\\\": true}\"]}}}, \"clickEvent\": {\"action\": \"change_page\", \"value\": \"6\"}}, \"\\n\", {\"text\": \"\\uef00\\uef00\", \"font\": \"grappling_hook:pages\", \"color\": \"white\"}, {\"text\": \"\\uef03\\ue077\\uef03\", \"font\": \"grappling_hook:pages\", \"color\": \"white\", \"hoverEvent\": {\"action\": \"show_item\", \"contents\": {\"id\": \"minecraft:crossbow\"}}}, {\"text\": \"\\uef03\\ue09b\\uef03\", \"font\": \"grappling_hook:pages\", \"color\": \"white\", \"hoverEvent\": {\"action\": \"show_item\", \"contents\": {\"id\": \"minecraft:redstone\"}}}, {\"text\": \"\\uef01\", \"font\": \"grappling_hook:pages\", \"color\": \"white\"}, {\"text\": \"\\uef00\\uef00\\uef00\\uef00\", \"font\": \"grappling_hook:pages\", \"color\": \"white\"}, {\"text\": \"\\uef00\\uef00\\uef03\\ue06e\\uef00\\uef00\\uef03\\uef00\", \"font\": \"grappling_hook:pages\", \"color\": \"white\", \"hoverEvent\": {\"action\": \"show_item\", \"contents\": {\"id\": \"minecraft:written_book\", \"components\": {\"minecraft:item_name\": \"{\\\"translate\\\": \\\"grappling_hook.item.guide\\\", \\\"color\\\": \\\"white\\\", \\\"fallback\\\": \\\"Guide\\\"}\", \"minecraft:lore\": [\"{\\\"translate\\\": \\\"grappling_hook.name\\\", \\\"color\\\": \\\"blue\\\", \\\"italic\\\": true}\"]}}}, \"clickEvent\": {\"action\": \"change_page\", \"value\": \"6\"}}, \"\\n\", {\"text\": \"\\uef00\\uef00\", \"font\": \"grappling_hook:pages\", \"color\": \"white\"}, {\"text\": \"\\uef01\", \"font\": \"grappling_hook:pages\", \"color\": \"white\", \"hoverEvent\": {\"action\": \"show_item\", \"contents\": {\"id\": \"minecraft:crossbow\"}}}, {\"text\": \"\\uef01\", \"font\": \"grappling_hook:pages\", \"color\": \"white\", \"hoverEvent\": {\"action\": \"show_item\", \"contents\": {\"id\": \"minecraft:redstone\"}}}, {\"text\": \"\\uef01\", \"font\": \"grappling_hook:pages\", \"color\": \"white\"}, {\"text\": \"\\uef00\\uef00\\uef00\\uef00\", \"font\": \"grappling_hook:pages\", \"color\": \"white\"}, {\"text\": \"\\uef02\\uef02\", \"font\": \"grappling_hook:pages\", \"color\": \"white\", \"hoverEvent\": {\"action\": \"show_item\", \"contents\": {\"id\": \"minecraft:written_book\", \"components\": {\"minecraft:item_name\": \"{\\\"translate\\\": \\\"grappling_hook.item.guide\\\", \\\"color\\\": \\\"white\\\", \\\"fallback\\\": \\\"Guide\\\"}\", \"minecraft:lore\": [\"{\\\"translate\\\": \\\"grappling_hook.name\\\", \\\"color\\\": \\\"blue\\\", \\\"italic\\\": true}\"]}}}, \"clickEvent\": {\"action\": \"change_page\", \"value\": \"6\"}}, \"\\n\", {\"text\": \"\\uef00\\uef00\", \"font\": \"grappling_hook:pages\", \"color\": \"white\"}, {\"text\": \"\\uef01\", \"font\": \"grappling_hook:pages\", \"color\": \"white\"}, {\"text\": \"\\uef01\", \"font\": \"grappling_hook:pages\", \"color\": \"white\"}, {\"text\": \"\\uef01\", \"font\": \"grappling_hook:pages\", \"color\": \"white\"}, {\"text\": \"\\uef00\\uef00\\uef00\\uef00\", \"font\": \"grappling_hook:pages\", \"color\": \"white\"}, {\"text\": \"\\uef02\\uef02\", \"font\": \"grappling_hook:pages\", \"color\": \"white\", \"hoverEvent\": {\"action\": \"show_item\", \"contents\": {\"id\": \"minecraft:written_book\", \"components\": {\"minecraft:item_name\": \"{\\\"translate\\\": \\\"grappling_hook.item.guide\\\", \\\"color\\\": \\\"white\\\", \\\"fallback\\\": \\\"Guide\\\"}\", \"minecraft:lore\": [\"{\\\"translate\\\": \\\"grappling_hook.name\\\", \\\"color\\\": \\\"blue\\\", \\\"italic\\\": true}\"]}}}, \"clickEvent\": {\"action\": \"change_page\", \"value\": \"6\"}}, \"\\n\", {\"text\": \"\\uef00\\uef00\", \"font\": \"grappling_hook:pages\", \"color\": \"white\"}, {\"text\": \"\\uef01\", \"font\": \"grappling_hook:pages\", \"color\": \"white\"}, {\"text\": \"\\uef01\", \"font\": \"grappling_hook:pages\", \"color\": \"white\"}, {\"text\": \"\\uef01\", \"font\": \"grappling_hook:pages\", \"color\": \"white\"}, \"\\n\", \"\\n\", {\"translate\": \"grappling_hook.guide.description\", \"color\": \"black\", \"fallback\": \"The guide you are currently holding.\"}, \"\\n\"]"
      ],
      "resolved": true
    }
  }
}
