{
  "parent": "tcc:technical/root",
  "criteria": {
    "kill_trader_entity": {
      "trigger": "minecraft:player_killed_entity",
      "conditions": {
        "entity": [
          {
            "condition": "minecraft:inverted",
            "term": {
              "condition": "minecraft:entity_properties",
              "entity": "this",
              "predicate": {
                "nbt": "{Tags:[\"tcc.no_death_effects\"]}"
              }
            }
          },
          {
            "condition": "minecraft:entity_properties",
            "entity": "this",
            "predicate": {
              "nbt": "{Tags:[\"tcc.trader_entity\"]}"
            }
          }
        ]
      }
    }
  },
  "rewards": {
    "function": "tcc:entity/trader_entity/death/schedule"
  }
}
