{
  "criteria": {
    "requirement": {
      "trigger": "minecraft:tick",
      "conditions": {
        "player": [
          {
            "condition": "minecraft:entity_scores",
            "entity": "this",
            "scores": {
              "switch.temp.break_obsidian": {
                "min": 1
              }
            }
          }
        ]
      }
    }
  },
  "rewards": {
    "function": "switch:modes/rush_the_point/advancements/break_obsidian"
  }
}
