{
    "type": "minecraft:crafting_shaped",
    "pattern": [
        "###",
        "#C#",
        "SSS"
    ],
    "key": {
        "#": "#minecraft:logs",
        "C": "minecraft:crafting_table",
        "S": "minecraft:smooth_stone"
    },
    "result": {
        "id": "minecraft:furnace",
        "count": 1,
        "components":{
            "minecraft:item_name": {
                "translate":"block.smithed.crafter",
                "italic":false
            },
            "minecraft:item_model": "smithed.crafter:table",
            "minecraft:container": [
                {
                    "slot": 0,
                    "item": {
                        "id": "minecraft:stone",
                        "count": 1,
                        "components": {
                            "minecraft:custom_data": {
                                "smithed": {
                                    "block": {
                                        "id": "smithed:crafter"
                                    }
                                }
                            }
                        }
                    }
                }
            ],
            "minecraft:custom_data": {
                "smithed": {
                    "id": "smithed:crafter"
                }
            },
            "minecraft:tooltip_display": {
                "hidden_components": [
                    "minecraft:container"
                ]
            }
        }
    }
}