{
  "type": "minecraft:crafting_shaped",
  "pattern": [
    "###",
    "#C#",
    "SSS"
  ],
  "key": {
    "#": {
      "tag": "minecraft:logs"
    },
    "C": {
      "item": "minecraft:crafting_table"
    },
    "S": {
      "item": "minecraft:smooth_stone"
    }
  },
  "result": {
    "id": "minecraft:furnace",
    "count": 1,
    "components": {
      "minecraft:item_name": "{\"translate\":\"block.smithed.crafter\",\"italic\":false}",
      "minecraft:custom_model_data": 4250001,
      "minecraft:container": [
        {
          "slot": 0,
          "item": {
            "id": "minecraft:stone",
            "count": 1,
            "components": {
              "minecraft:custom_data": {
                "smithed": {
                  "block": {
                    "id": "smithed:crafter"
                  }
                }
              }
            }
          }
        }
      ],
      "minecraft:custom_data": {
        "smithed": {
          "id": "smithed:crafter"
        }
      }
    }
  }
}
