{
	"display": {
		"icon": { "item": "minecraft:command_block", "nbt": "{CustomModelData:2013000}" },
		"title": { "text": "Stardust Fragment", "color": "aqua" },
		"description": { "text": "What's this little blue thing?", "color": "green" },
		"frame": "task",
		"show_toast": true,
		"announce_to_chat": true,
		"hidden": false,
		"background": "stardust:textures/item/advancement_background.png"
	},
	"criteria": { "requirement": {
		"trigger": "minecraft:inventory_changed",
		"conditions": { "items": [{
			"tag": "stardust:items",
			"nbt": "{stardust:{stardust_fragment:1b}}"
		}]}
	}}
}
