{
	"display": {
		"icon": {
			"item": "minecraft:barrel",
			"nbt": "{CustomModelData:2013019}"
		},
		"title": {
			"text": "Compressing V",
			"color": "aqua"
		},
		"description": {
			"text": "Obtain a Quintuple Compressed Cobblestone",
			"color": "green"
		},
		"frame": "task",
		"show_toast": true,
		"announce_to_chat": true,
		"hidden": false
	},
	"parent": "stardust:visible/stuff/cobblestone/quadruple",
	"criteria": {
		"requirement": {
			"trigger": "minecraft:inventory_changed",
			"conditions": {
				"items": [
					{
						"tag": "stardust:items",
						"nbt": "{stardust:{quintuple_compressed_cobblestone:1b}}"
					}
				]
			}
		}
	}
}
