{
	"display": {
		"icon": {
			"item": "minecraft:soul_campfire",
			"nbt": "{CustomModelData:2013335}"
		},
		"title": {
			"text": "Shadow Energy"
		},
		"description": {
			"text": "Get a Darkium Solar Panel",
			"color": "green"
		},
		"frame": "task",
		"show_toast": true,
		"announce_to_chat": true,
		"hidden": false
	},
	"parent": "stardust:visible/technology/solar_panel/solarium",
	"criteria": {
		"requirement": {
			"trigger": "minecraft:inventory_changed",
			"conditions": {
				"items": [
					{
						"tag": "stardust:items",
						"nbt": "{stardust:{darkium_solar_panel:1b}}"
					}
				]
			}
		}
	}
}
