{
  "condition": "minecraft:entity_properties",
  "entity": "this",
  "predicate": {
    "equipment": {
      "mainhand": {
        "items": [

          "minecraft:netherite_boots",
          "minecraft:diamond_boots",
          "minecraft:iron_boots",
          "minecraft:golden_boots",
          "minecraft:chainmail_boots",
          "minecraft:leather_boots",

          "minecraft:netherite_chestplate",
          "minecraft:diamond_chestplate",
          "minecraft:iron_chestplate",
          "minecraft:golden_chestplate",
          "minecraft:chainmail_chestplate",
          "minecraft:leather_chestplate",

          "minecraft:elytra",

          "minecraft:turtle_helmet",
          "minecraft:netherite_helmet",
          "minecraft:diamond_helmet",
          "minecraft:iron_helmet",
          "minecraft:golden_helmet",
          "minecraft:chainmail_helmet",
          "minecraft:leather_helmet",

          "minecraft:netherite_leggings",
          "minecraft:diamond_leggings",
          "minecraft:iron_leggings",
          "minecraft:golden_leggings",
          "minecraft:chainmail_leggings",
          "minecraft:leather_leggings",

          "minecraft:shield"
        ]
      }
    }
  }
}
