{
  "condition": "minecraft:entity_properties",
  "entity": "this",
  "predicate": {
    "equipment": {
      "mainhand": {
        "items": [
          "minecraft:netherite_axe",
          "minecraft:diamond_axe",
          "minecraft:iron_axe",
          "minecraft:golden_axe",
          "minecraft:stone_axe",
          "minecraft:wooden_axe",

          "minecraft:netherite_pickaxe",
          "minecraft:diamond_pickaxe",
          "minecraft:iron_pickaxe",
          "minecraft:golden_pickaxe",
          "minecraft:stone_pickaxe",
          "minecraft:wooden_pickaxe",

          "minecraft:netherite_shovel",
          "minecraft:diamond_shovel",
          "minecraft:iron_shovel",
          "minecraft:golden_shovel",
          "minecraft:stone_shovel",
          "minecraft:wooden_shovel"
        ]
      }
    }
  }
}
