{
	"display": {
		"icon": {
			"id": "minecraft:furnace",
			"components": {
				"minecraft:custom_model_data": 2012021
			}
		},
		"title": {
			"translate":"simplenergy.more_and_more_energy_storage",
			"color": "gray"
		},
		"description": {
			"translate":"simplenergy.upgrade_an_advanced_battery",
			"color": "green"
		},
		"frame": "task",
		"show_toast": true,
		"announce_to_chat": true,
		"hidden": false
	},
	"criteria": {
		"requirement": {
			"trigger": "minecraft:inventory_changed",
			"conditions": {
				"items": [
					{
						"components": {
							"minecraft:custom_data": "{\"simplenergy\": {\"elite_battery\": true}}"
						}
					}
				]
			}
		}
	},
	"requirements": [
		[
			"requirement"
		]
	],
	"parent": "simplenergy:visible/advanced_battery"
}
