{
	"display": {
		"icon": {
			"id": "minecraft:player_head",
			"components": {
				"minecraft:profile": {
					"id": [
						-709098200,
						1001541428,
						-2043264882,
						-430220135
					],
					"properties": [
						{
							"name": "textures",
							"value": "eyJ0ZXh0dXJlcyI6eyJTS0lOIjp7InVybCI6Imh0dHA6Ly90ZXh0dXJlcy5taW5lY3JhZnQubmV0L3RleHR1cmUvZjlmMzJjOWNkNTU2MzJmNjEzZjRhMDU2ZGEyYzJhYTkzZjMwOTk2ZGY2NzMxZTcyYmM1NDA4NzA4ZGE5MWYzOCJ9fX0="
						}
					]
				}
			}
		},
		"title": {
			"translate":"simplenergy.more_and_more_transfer",
			"color": "gray"
		},
		"description": {
			"translate":"simplenergy.upgrade_an_advanced_cable",
			"color": "green"
		},
		"frame": "task",
		"show_toast": true,
		"announce_to_chat": true,
		"hidden": false
	},
	"criteria": {
		"requirement": {
			"trigger": "minecraft:inventory_changed",
			"conditions": {
				"items": [
					{
						"components": {
							"minecraft:custom_data": "{\"simplenergy\": {\"elite_cable\": true}}"
						}
					}
				]
			}
		}
	},
	"requirements": [
		[
			"requirement"
		]
	],
	"parent": "simplenergy:visible/advanced_cable"
}
