{
	"display": {
		"icon": {
			"id": "minecraft:command_block",
			"components": {
				"minecraft:custom_model_data": 2012004
			}
		},
		"title": {
			"translate":"simplenergy",
			"color": "gray"
		},
		"description": {
			"translate":"simplenergy.obtain_a_simplunium_ingot",
			"color": "green"
		},
		"background": "simplenergy:textures/block/gui/advancement_background.png",
		"frame": "task",
		"show_toast": true,
		"announce_to_chat": true,
		"hidden": false
	},
	"criteria": {
		"requirement": {
			"trigger": "minecraft:inventory_changed",
			"conditions": {
				"items": [
					{
						"components": {
							"minecraft:custom_data": "{\"simplenergy\": {\"simplunium_ingot\": true}}"
						}
					}
				]
			}
		}
	},
	"requirements": [
		[
			"requirement"
		]
	]
}
