{
	"display": {
		"icon": {
			"id": "minecraft:leather_chestplate",
			"components": {
				"minecraft:custom_model_data": 2012009,
				"minecraft:dyed_color": {
					"rgb": 4605510,
					"show_in_tooltip": false
				}
			}
		},
		"title": {
			"translate":"simplenergy.cover_me_with_simplunium",
			"color": "gray"
		},
		"description": {
			"translate":"simplenergy.better_than_diamond_armor",
			"color": "green"
		},
		"frame": "task",
		"show_toast": true,
		"announce_to_chat": true,
		"hidden": true
	},
	"criteria": {
		"requirement": {
			"trigger": "minecraft:inventory_changed",
			"conditions": {
				"items": [
					{
						"components": {
							"minecraft:custom_data": "{\"smithed\": {\"dict\": {\"armor\": {\"simplunium\": true}}}}"
						}
					}
				]
			}
		}
	},
	"requirements": [
		[
			"requirement"
		]
	],
	"parent": "simplenergy:visible/simplunium_pickaxe"
}
