{
	"display": {
		"icon": {
			"id": "minecraft:warped_fungus_on_a_stick",
			"components": {
				"minecraft:custom_model_data": 2012018
			}
		},
		"title": {
			"translate":"simplenergy.having_the_control",
			"color": "gray"
		},
		"description": {
			"translate":"simplenergy.craft_a_wrench_to_rotate_machines_and_break_cables",
			"color": "green"
		},
		"frame": "task",
		"show_toast": true,
		"announce_to_chat": true,
		"hidden": true
	},
	"criteria": {
		"requirement": {
			"trigger": "minecraft:inventory_changed",
			"conditions": {
				"items": [
					{
						"components": {
							"minecraft:custom_data": "{\"simplenergy\": {\"wrench\": true}}"
						}
					}
				]
			}
		}
	},
	"requirements": [
		[
			"requirement"
		]
	],
	"parent": "simplenergy:visible/simplunium_armor"
}
