{
  "pools": [{
      "rolls": 1,
      "entries": [{
        "type": "minecraft:item",
        "name": "minecraft:ender_pearl",
        "conditions": [{
          "condition": "minecraft:entity_properties",
          "entity": "this",
          "predicate": {
            "nbt": "{Tags:[\"tcc.positional_anchor.filled\"]}"
          }
        }]
      }]
    },
    {
      "rolls": 1,
      "entries": [{
        "type": "minecraft:loot_table",
        "name": "tcc:items/positional_anchor"
      }]
    }
  ]
}