{
  "condition": "minecraft:entity_scores",
  "entity": "this",
  "scores": {
    "golf_ball.id": {
      "min": {
        "type": "minecraft:score",
        "target": {
          "type": "minecraft:fixed",
          "name": "#predicate"
        },
        "score": "golf_ball.id"
      },
      "max": {
        "type": "minecraft:score",
        "target": {
          "type": "minecraft:fixed",
          "name": "#predicate"
        },
        "score": "golf_ball.id"
      }
    }
  }
}
