{
	"display": {
		"icon": {
			"item": "minecraft:player_head",
			"nbt": "{SkullOwner:{Id:[I;-709098200,1001541428,-2043264882,-430220135],Properties:{textures:[{Value:\"eyJ0ZXh0dXJlcyI6eyJTS0lOIjp7InVybCI6Imh0dHA6Ly90ZXh0dXJlcy5taW5lY3JhZnQubmV0L3RleHR1cmUvYzlmNjNlZGIwMDA4NWM1Mzk0Y2FmZjg2Yzk3ZmU4NGQxYmUwMGEwMDcxMDE4Y2YwOTAwZTdiNjMwYTY2Y2VlZSJ9fX0=\"}]}}}"
		},
		"title": {
			"text": "Better Cable, Faster Transfer",
			"color": "gray"
		},
		"description": {
			"text": "Upgrade a Simple Cable",
			"color": "green"
		},
		"frame": "task",
		"show_toast": true,
		"announce_to_chat": true,
		"hidden": false
	},
	"parent": "simplenergy:visible/simple_cable",
	"criteria": {
		"requirement": {
			"trigger": "minecraft:inventory_changed",
			"conditions": {
				"items": [
					{
						"tag": "simplenergy:items",
						"nbt": "{simplenergy:{advanced_cable:1b}}"
					}
				]
			}
		}
	}
}
