{
	"display": {
		"icon": {
			"item": "minecraft:barrel",
			"nbt": "{CustomModelData:2012300}"
		},
		"title": {
			"text": "The Simpler Generator",
			"color": "gray"
		},
		"description": {
			"text": "Craft your first Cauldron Generator",
			"color": "green"
		},
		"frame": "task",
		"show_toast": true,
		"announce_to_chat": true,
		"hidden": false
	},
	"parent": "simplenergy:visible/simplunium_ingot",
	"criteria": {
		"requirement": {
			"trigger": "minecraft:inventory_changed",
			"conditions": {
				"items": [
					{
						"tag": "simplenergy:items",
						"nbt": "{simplenergy:{cauldron_generator:1b}}"
					}
				]
			}
		}
	}
}
