{
	"display": {
		"icon": {
			"item": "minecraft:barrel",
			"nbt": "{CustomModelData:2012402}"
		},
		"title": {
			"text": "A Very Fast Smelter",
			"color": "gray"
		},
		"description": {
			"text": "Upgrade an Electric Furnace",
			"color": "green"
		},
		"frame": "task",
		"show_toast": true,
		"announce_to_chat": true,
		"hidden": false
	},
	"parent": "simplenergy:visible/electric_furnace",
	"criteria": {
		"requirement": {
			"trigger": "minecraft:inventory_changed",
			"conditions": {
				"items": [
					{
						"tag": "simplenergy:items",
						"nbt": "{simplenergy:{electric_smelter:1b}}"
					}
				]
			}
		}
	}
}
