{
	"display": {
		"icon": {
			"item": "minecraft:player_head",
			"nbt": "{SkullOwner:{Id:[I;-709098200,1001541428,-2043264882,-430220135],Properties:{textures:[{Value:\"eyJ0ZXh0dXJlcyI6eyJTS0lOIjp7InVybCI6Imh0dHA6Ly90ZXh0dXJlcy5taW5lY3JhZnQubmV0L3RleHR1cmUvZjlmMzJjOWNkNTU2MzJmNjEzZjRhMDU2ZGEyYzJhYTkzZjMwOTk2ZGY2NzMxZTcyYmM1NDA4NzA4ZGE5MWYzOCJ9fX0=\"}]}}}"
		},
		"title": {
			"text": "More and More Transfer",
			"color": "gray"
		},
		"description": {
			"text": "Upgrade an Advanced Cable",
			"color": "green"
		},
		"frame": "task",
		"show_toast": true,
		"announce_to_chat": true,
		"hidden": false
	},
	"parent": "simplenergy:visible/advanced_cable",
	"criteria": {
		"requirement": {
			"trigger": "minecraft:inventory_changed",
			"conditions": {
				"items": [
					{
						"tag": "simplenergy:items",
						"nbt": "{simplenergy:{elite_cable:1b}}"
					}
				]
			}
		}
	}
}
