{
	"display": {
		"icon": {
			"item": "minecraft:warped_fungus_on_a_stick",
			"nbt": "{CustomModelData:2012111}"
		},
		"title": {
			"text": "Having the control!",
			"color": "gray"
		},
		"description": {
			"text": "Craft a wrench to rotate machines and break cables",
			"color": "green"
		},
		"frame": "task",
		"show_toast": true,
		"announce_to_chat": true,
		"hidden": true
	},
	"parent": "simplenergy:visible/simplunium_armor",
	"criteria": {
		"requirement": {
			"trigger": "minecraft:inventory_changed",
			"conditions": {
				"items": [
					{
						"tag": "simplenergy:items",
						"nbt": "{simplenergy:{wrench:1b}}"
					}
				]
			}
		}
	}
}
