{
	"pools": [
		{"rolls": 1,"entries": [{"type": "minecraft:loot_table","value": "switch:i/adamantium_block"}]},
		{"rolls": 1,"entries": [{"type": "minecraft:loot_table","value": "switch:i/adamantium_ore"}]},
		{"rolls": 1,"entries": [{"type": "minecraft:loot_table","value": "switch:i/deepslate_adamantium_ore"}]},
		{"rolls": 1,"entries": [{"type": "minecraft:loot_table","value": "switch:i/adamantium_helmet"}]},
		{"rolls": 1,"entries": [{"type": "minecraft:loot_table","value": "switch:i/adamantium_chestplate"}]},
		{"rolls": 1,"entries": [{"type": "minecraft:loot_table","value": "switch:i/adamantium_leggings"}]},
		{"rolls": 1,"entries": [{"type": "minecraft:loot_table","value": "switch:i/adamantium_boots"}]},
		{"rolls": 1,"entries": [{"type": "minecraft:loot_table","value": "switch:i/adamantium_sword"}]},
		{"rolls": 1,"entries": [{"type": "minecraft:loot_table","value": "switch:i/adamantium_pickaxe"}]},
		{"rolls": 1,"entries": [{"type": "minecraft:loot_table","value": "switch:i/adamantium_axe"}]},
		{"rolls": 1,"entries": [{"type": "minecraft:loot_table","value": "switch:i/adamantium_shovel"}]},
		{"rolls": 1,"entries": [{"type": "minecraft:loot_table","value": "switch:i/adamantium_hoe"}]},
		{"rolls": 1,"entries": [{"type": "minecraft:loot_table","value": "switch:i/adamantium_fragment"}]},
		{"rolls": 1,"entries": [{"type": "minecraft:loot_table","value": "switch:i/sapphire_block"}]},
		{"rolls": 1,"entries": [{"type": "minecraft:loot_table","value": "switch:i/sapphire_ore"}]},
		{"rolls": 1,"entries": [{"type": "minecraft:loot_table","value": "switch:i/deepslate_sapphire_ore"}]},
		{"rolls": 1,"entries": [{"type": "minecraft:loot_table","value": "switch:i/sapphire_helmet"}]},
		{"rolls": 1,"entries": [{"type": "minecraft:loot_table","value": "switch:i/sapphire_chestplate"}]},
		{"rolls": 1,"entries": [{"type": "minecraft:loot_table","value": "switch:i/sapphire_leggings"}]},
		{"rolls": 1,"entries": [{"type": "minecraft:loot_table","value": "switch:i/sapphire_boots"}]},
		{"rolls": 1,"entries": [{"type": "minecraft:loot_table","value": "switch:i/sapphire_sword"}]},
		{"rolls": 1,"entries": [{"type": "minecraft:loot_table","value": "switch:i/sapphire_pickaxe"}]},
		{"rolls": 1,"entries": [{"type": "minecraft:loot_table","value": "switch:i/sapphire_axe"}]},
		{"rolls": 1,"entries": [{"type": "minecraft:loot_table","value": "switch:i/sapphire_shovel"}]},
		{"rolls": 1,"entries": [{"type": "minecraft:loot_table","value": "switch:i/sapphire_hoe"}]},
		{"rolls": 1,"entries": [{"type": "minecraft:loot_table","value": "switch:i/sapphire"}]},
		{"rolls": 1,"entries": [{"type": "minecraft:loot_table","value": "switch:i/ruby_block"}]},
		{"rolls": 1,"entries": [{"type": "minecraft:loot_table","value": "switch:i/ruby_ore"}]},
		{"rolls": 1,"entries": [{"type": "minecraft:loot_table","value": "switch:i/deepslate_ruby_ore"}]},
		{"rolls": 1,"entries": [{"type": "minecraft:loot_table","value": "switch:i/ruby_helmet"}]},
		{"rolls": 1,"entries": [{"type": "minecraft:loot_table","value": "switch:i/ruby_chestplate"}]},
		{"rolls": 1,"entries": [{"type": "minecraft:loot_table","value": "switch:i/ruby_leggings"}]},
		{"rolls": 1,"entries": [{"type": "minecraft:loot_table","value": "switch:i/ruby_boots"}]},
		{"rolls": 1,"entries": [{"type": "minecraft:loot_table","value": "switch:i/ruby_sword"}]},
		{"rolls": 1,"entries": [{"type": "minecraft:loot_table","value": "switch:i/ruby_pickaxe"}]},
		{"rolls": 1,"entries": [{"type": "minecraft:loot_table","value": "switch:i/ruby_axe"}]},
		{"rolls": 1,"entries": [{"type": "minecraft:loot_table","value": "switch:i/ruby_shovel"}]},
		{"rolls": 1,"entries": [{"type": "minecraft:loot_table","value": "switch:i/ruby_hoe"}]},
		{"rolls": 1,"entries": [{"type": "minecraft:loot_table","value": "switch:i/ruby"}]},
		{"rolls": 1,"entries": [{"type": "minecraft:loot_table","value": "switch:i/topaz_block"}]},
		{"rolls": 1,"entries": [{"type": "minecraft:loot_table","value": "switch:i/topaz_ore"}]},
		{"rolls": 1,"entries": [{"type": "minecraft:loot_table","value": "switch:i/deepslate_topaz_ore"}]},
		{"rolls": 1,"entries": [{"type": "minecraft:loot_table","value": "switch:i/topaz_helmet"}]},
		{"rolls": 1,"entries": [{"type": "minecraft:loot_table","value": "switch:i/topaz_chestplate"}]},
		{"rolls": 1,"entries": [{"type": "minecraft:loot_table","value": "switch:i/topaz_leggings"}]},
		{"rolls": 1,"entries": [{"type": "minecraft:loot_table","value": "switch:i/topaz_boots"}]},
		{"rolls": 1,"entries": [{"type": "minecraft:loot_table","value": "switch:i/topaz_sword"}]},
		{"rolls": 1,"entries": [{"type": "minecraft:loot_table","value": "switch:i/topaz_pickaxe"}]},
		{"rolls": 1,"entries": [{"type": "minecraft:loot_table","value": "switch:i/topaz_axe"}]},
		{"rolls": 1,"entries": [{"type": "minecraft:loot_table","value": "switch:i/topaz_shovel"}]},
		{"rolls": 1,"entries": [{"type": "minecraft:loot_table","value": "switch:i/topaz_hoe"}]},
		{"rolls": 1,"entries": [{"type": "minecraft:loot_table","value": "switch:i/topaz"}]},
		{"rolls": 1,"entries": [{"type": "minecraft:loot_table","value": "switch:i/obsidian_helmet"}]},
		{"rolls": 1,"entries": [{"type": "minecraft:loot_table","value": "switch:i/obsidian_chestplate"}]},
		{"rolls": 1,"entries": [{"type": "minecraft:loot_table","value": "switch:i/obsidian_leggings"}]},
		{"rolls": 1,"entries": [{"type": "minecraft:loot_table","value": "switch:i/obsidian_boots"}]},
		{"rolls": 1,"entries": [{"type": "minecraft:loot_table","value": "switch:i/obsidian_sword"}]},
		{"rolls": 1,"entries": [{"type": "minecraft:loot_table","value": "switch:i/obsidian_pickaxe"}]},
		{"rolls": 1,"entries": [{"type": "minecraft:loot_table","value": "switch:i/obsidian_axe"}]},
		{"rolls": 1,"entries": [{"type": "minecraft:loot_table","value": "switch:i/obsidian_shovel"}]},
		{"rolls": 1,"entries": [{"type": "minecraft:loot_table","value": "switch:i/obsidian_hoe"}]},
		{"rolls": 1,"entries": [{"type": "minecraft:loot_table","value": "switch:i/obsidian_ingot"}]},
		{"rolls": 1,"entries": [{"type": "minecraft:loot_table","value": "switch:i/steel_block"}]},
		{"rolls": 1,"entries": [{"type": "minecraft:loot_table","value": "switch:i/steel_ore"}]},
		{"rolls": 1,"entries": [{"type": "minecraft:loot_table","value": "switch:i/deepslate_steel_ore"}]},
		{"rolls": 1,"entries": [{"type": "minecraft:loot_table","value": "switch:i/raw_steel_block"}]},
		{"rolls": 1,"entries": [{"type": "minecraft:loot_table","value": "switch:i/steel_helmet"}]},
		{"rolls": 1,"entries": [{"type": "minecraft:loot_table","value": "switch:i/steel_chestplate"}]},
		{"rolls": 1,"entries": [{"type": "minecraft:loot_table","value": "switch:i/steel_leggings"}]},
		{"rolls": 1,"entries": [{"type": "minecraft:loot_table","value": "switch:i/steel_boots"}]},
		{"rolls": 1,"entries": [{"type": "minecraft:loot_table","value": "switch:i/steel_sword"}]},
		{"rolls": 1,"entries": [{"type": "minecraft:loot_table","value": "switch:i/steel_pickaxe"}]},
		{"rolls": 1,"entries": [{"type": "minecraft:loot_table","value": "switch:i/steel_axe"}]},
		{"rolls": 1,"entries": [{"type": "minecraft:loot_table","value": "switch:i/steel_shovel"}]},
		{"rolls": 1,"entries": [{"type": "minecraft:loot_table","value": "switch:i/steel_hoe"}]},
		{"rolls": 1,"entries": [{"type": "minecraft:loot_table","value": "switch:i/steel_ingot"}]},
		{"rolls": 1,"entries": [{"type": "minecraft:loot_table","value": "switch:i/steel_nugget"}]},
		{"rolls": 1,"entries": [{"type": "minecraft:loot_table","value": "switch:i/raw_steel"}]},
		{"rolls": 1,"entries": [{"type": "minecraft:loot_table","value": "switch:i/steel_dust"}]},
		{"rolls": 1,"entries": [{"type": "minecraft:loot_table","value": "switch:i/steel_stick"}]},
		{"rolls": 1,"entries": [{"type": "minecraft:loot_table","value": "switch:i/emerald_helmet"}]},
		{"rolls": 1,"entries": [{"type": "minecraft:loot_table","value": "switch:i/emerald_chestplate"}]},
		{"rolls": 1,"entries": [{"type": "minecraft:loot_table","value": "switch:i/emerald_leggings"}]},
		{"rolls": 1,"entries": [{"type": "minecraft:loot_table","value": "switch:i/emerald_boots"}]},
		{"rolls": 1,"entries": [{"type": "minecraft:loot_table","value": "switch:i/emerald_sword"}]},
		{"rolls": 1,"entries": [{"type": "minecraft:loot_table","value": "switch:i/emerald_pickaxe"}]},
		{"rolls": 1,"entries": [{"type": "minecraft:loot_table","value": "switch:i/emerald_axe"}]},
		{"rolls": 1,"entries": [{"type": "minecraft:loot_table","value": "switch:i/emerald_shovel"}]},
		{"rolls": 1,"entries": [{"type": "minecraft:loot_table","value": "switch:i/emerald_hoe"}]},
		{"rolls": 1,"entries": [{"type": "minecraft:loot_table","value": "switch:i/stardust_block"}]},
		{"rolls": 1,"entries": [{"type": "minecraft:loot_table","value": "switch:i/stardust_ore"}]},
		{"rolls": 1,"entries": [{"type": "minecraft:loot_table","value": "switch:i/deepslate_stardust_ore"}]},
		{"rolls": 1,"entries": [{"type": "minecraft:loot_table","value": "switch:i/stardust_helmet"}]},
		{"rolls": 1,"entries": [{"type": "minecraft:loot_table","value": "switch:i/stardust_chestplate"}]},
		{"rolls": 1,"entries": [{"type": "minecraft:loot_table","value": "switch:i/stardust_leggings"}]},
		{"rolls": 1,"entries": [{"type": "minecraft:loot_table","value": "switch:i/stardust_boots"}]},
		{"rolls": 1,"entries": [{"type": "minecraft:loot_table","value": "switch:i/stardust_sword"}]},
		{"rolls": 1,"entries": [{"type": "minecraft:loot_table","value": "switch:i/stardust_pickaxe"}]},
		{"rolls": 1,"entries": [{"type": "minecraft:loot_table","value": "switch:i/stardust_axe"}]},
		{"rolls": 1,"entries": [{"type": "minecraft:loot_table","value": "switch:i/stardust_ingot"}]},
		{"rolls": 1,"entries": [{"type": "minecraft:loot_table","value": "switch:i/stardust_fragment"}]},
		{"rolls": 1,"entries": [{"type": "minecraft:loot_table","value": "switch:i/awakened_stardust_block"}]},
		{"rolls": 1,"entries": [{"type": "minecraft:loot_table","value": "switch:i/awakened_stardust_ore"}]},
		{"rolls": 1,"entries": [{"type": "minecraft:loot_table","value": "switch:i/awakened_stardust"}]},
		{"rolls": 1,"entries": [{"type": "minecraft:loot_table","value": "switch:i/legendarium_block"}]},
		{"rolls": 1,"entries": [{"type": "minecraft:loot_table","value": "switch:i/legendarium_sword"}]},
		{"rolls": 1,"entries": [{"type": "minecraft:loot_table","value": "switch:i/legendarium_pickaxe"}]},
		{"rolls": 1,"entries": [{"type": "minecraft:loot_table","value": "switch:i/legendarium_axe"}]},
		{"rolls": 1,"entries": [{"type": "minecraft:loot_table","value": "switch:i/legendarium_ingot"}]},
		{"rolls": 1,"entries": [{"type": "minecraft:loot_table","value": "switch:i/solarium_block"}]},
		{"rolls": 1,"entries": [{"type": "minecraft:loot_table","value": "switch:i/solarium_sword"}]},
		{"rolls": 1,"entries": [{"type": "minecraft:loot_table","value": "switch:i/solarium_pickaxe"}]},
		{"rolls": 1,"entries": [{"type": "minecraft:loot_table","value": "switch:i/solarium_axe"}]},
		{"rolls": 1,"entries": [{"type": "minecraft:loot_table","value": "switch:i/solarium_ingot"}]},
		{"rolls": 1,"entries": [{"type": "minecraft:loot_table","value": "switch:i/darkium_block"}]},
		{"rolls": 1,"entries": [{"type": "minecraft:loot_table","value": "switch:i/darkium_sword"}]},
		{"rolls": 1,"entries": [{"type": "minecraft:loot_table","value": "switch:i/darkium_pickaxe"}]},
		{"rolls": 1,"entries": [{"type": "minecraft:loot_table","value": "switch:i/darkium_axe"}]},
		{"rolls": 1,"entries": [{"type": "minecraft:loot_table","value": "switch:i/darkium_ingot"}]},
		{"rolls": 1,"entries": [{"type": "minecraft:loot_table","value": "switch:i/ultimate_sword"}]},
		{"rolls": 1,"entries": [{"type": "minecraft:loot_table","value": "switch:i/ultimate_pickaxe"}]},
		{"rolls": 1,"entries": [{"type": "minecraft:loot_table","value": "switch:i/ultimate_axe"}]},
		{"rolls": 1,"entries": [{"type": "minecraft:loot_table","value": "switch:i/ultimate_ingot"}]},
		{"rolls": 1,"entries": [{"type": "minecraft:loot_table","value": "switch:i/ultimate_fragment"}]},
		{"rolls": 1,"entries": [{"type": "minecraft:loot_table","value": "switch:i/anti_radiation_helmet"}]},
		{"rolls": 1,"entries": [{"type": "minecraft:loot_table","value": "switch:i/anti_radiation_chestplate"}]},
		{"rolls": 1,"entries": [{"type": "minecraft:loot_table","value": "switch:i/anti_radiation_leggings"}]},
		{"rolls": 1,"entries": [{"type": "minecraft:loot_table","value": "switch:i/anti_radiation_boots"}]},
		{"rolls": 1,"entries": [{"type": "minecraft:loot_table","value": "switch:i/californium_block"}]},
		{"rolls": 1,"entries": [{"type": "minecraft:loot_table","value": "switch:i/californium_ore"}]},
		{"rolls": 1,"entries": [{"type": "minecraft:loot_table","value": "switch:i/californium_helmet"}]},
		{"rolls": 1,"entries": [{"type": "minecraft:loot_table","value": "switch:i/californium_chestplate"}]},
		{"rolls": 1,"entries": [{"type": "minecraft:loot_table","value": "switch:i/californium_leggings"}]},
		{"rolls": 1,"entries": [{"type": "minecraft:loot_table","value": "switch:i/californium_boots"}]},
		{"rolls": 1,"entries": [{"type": "minecraft:loot_table","value": "switch:i/californium_sword"}]},
		{"rolls": 1,"entries": [{"type": "minecraft:loot_table","value": "switch:i/californium_pickaxe"}]},
		{"rolls": 1,"entries": [{"type": "minecraft:loot_table","value": "switch:i/californium_axe"}]},
		{"rolls": 1,"entries": [{"type": "minecraft:loot_table","value": "switch:i/californium_shovel"}]},
		{"rolls": 1,"entries": [{"type": "minecraft:loot_table","value": "switch:i/californium_hoe"}]},
		{"rolls": 1,"entries": [{"type": "minecraft:loot_table","value": "switch:i/californium_ingot"}]},
		{"rolls": 1,"entries": [{"type": "minecraft:loot_table","value": "switch:i/californium_nugget"}]},
		{"rolls": 1,"entries": [{"type": "minecraft:loot_table","value": "switch:i/raw_californium"}]},
		{"rolls": 1,"entries": [{"type": "minecraft:loot_table","value": "switch:i/uranium_block"}]},
		{"rolls": 1,"entries": [{"type": "minecraft:loot_table","value": "switch:i/uranium_ore"}]},
		{"rolls": 1,"entries": [{"type": "minecraft:loot_table","value": "switch:i/uranium_helmet"}]},
		{"rolls": 1,"entries": [{"type": "minecraft:loot_table","value": "switch:i/uranium_chestplate"}]},
		{"rolls": 1,"entries": [{"type": "minecraft:loot_table","value": "switch:i/uranium_leggings"}]},
		{"rolls": 1,"entries": [{"type": "minecraft:loot_table","value": "switch:i/uranium_boots"}]},
		{"rolls": 1,"entries": [{"type": "minecraft:loot_table","value": "switch:i/uranium_sword"}]},
		{"rolls": 1,"entries": [{"type": "minecraft:loot_table","value": "switch:i/uranium_pickaxe"}]},
		{"rolls": 1,"entries": [{"type": "minecraft:loot_table","value": "switch:i/uranium_axe"}]},
		{"rolls": 1,"entries": [{"type": "minecraft:loot_table","value": "switch:i/uranium_shovel"}]},
		{"rolls": 1,"entries": [{"type": "minecraft:loot_table","value": "switch:i/uranium_hoe"}]},
		{"rolls": 1,"entries": [{"type": "minecraft:loot_table","value": "switch:i/uranium_ingot"}]},
		{"rolls": 1,"entries": [{"type": "minecraft:loot_table","value": "switch:i/uranium_nugget"}]},
		{"rolls": 1,"entries": [{"type": "minecraft:loot_table","value": "switch:i/raw_uranium"}]},
		{"rolls": 1,"entries": [{"type": "minecraft:loot_table","value": "switch:i/shazinho"}]},
		{"rolls": 1,"entries": [{"type": "minecraft:loot_table","value": "switch:i/letter"}]},
		{"rolls": 1,"entries": [{"type": "minecraft:loot_table","value": "switch:i/awakened_stardust_bow"}]},
		{"rolls": 1,"entries": [{"type": "minecraft:loot_table","value": "switch:i/awakened_stardust_sniper"}]},
		{"rolls": 1,"entries": [{"type": "minecraft:loot_table","value": "switch:i/stardust_bow"}]},
		{"rolls": 1,"entries": [{"type": "minecraft:loot_table","value": "switch:i/stardust_sniper"}]},
		{"rolls": 1,"entries": [{"type": "minecraft:loot_table","value": "switch:i/ultimate_bow"}]},
		{"rolls": 1,"entries": [{"type": "minecraft:loot_table","value": "switch:i/ultimate_sniper"}]},
		{"rolls": 1,"entries": [{"type": "minecraft:loot_table","value": "switch:i/ultimate_elytra"}]},
		{"rolls": 1,"entries": [{"type": "minecraft:loot_table","value": "switch:i/ultimate_bullet"}]},
		{"rolls": 1,"entries": [{"type": "minecraft:loot_table","value": "switch:i/ultimate_core"}]},
		{"rolls": 1,"entries": [{"type": "minecraft:loot_table","value": "switch:i/stardust_essence"}]},
		{"rolls": 1,"entries": [{"type": "minecraft:loot_table","value": "switch:i/stardust_config"}]},
		{"rolls": 1,"entries": [{"type": "minecraft:loot_table","value": "switch:i/ender_stardust_ore"}]},
		{"rolls": 1,"entries": [{"type": "minecraft:loot_table","value": "switch:i/nether_stardust_ore"}]},
		{"rolls": 1,"entries": [{"type": "minecraft:loot_table","value": "switch:i/dragon_pearl"}]},
		{"rolls": 1,"entries": [{"type": "minecraft:loot_table","value": "switch:i/life_crystal"}]},
		{"rolls": 1,"entries": [{"type": "minecraft:loot_table","value": "switch:i/stardust_apple"}]},
		{"rolls": 1,"entries": [{"type": "minecraft:loot_table","value": "switch:i/dog_excrement"}]},
		{"rolls": 1,"entries": [{"type": "minecraft:loot_table","value": "switch:i/quarry_configurator"}]},
		{"rolls": 1,"entries": [{"type": "minecraft:loot_table","value": "switch:i/travel_staff"}]},
		{"rolls": 1,"entries": [{"type": "minecraft:loot_table","value": "switch:i/wormhole_potion"}]},
		{"rolls": 1,"entries": [{"type": "minecraft:loot_table","value": "switch:i/banana"}]},
		{"rolls": 1,"entries": [{"type": "minecraft:loot_table","value": "switch:i/anti_radiation_glove"}]},
		{"rolls": 1,"entries": [{"type": "minecraft:loot_table","value": "switch:i/californium_core"}]},
		{"rolls": 1,"entries": [{"type": "minecraft:loot_table","value": "switch:i/californium_waste"}]},
		{"rolls": 1,"entries": [{"type": "minecraft:loot_table","value": "switch:i/radioactive_waste"}]},
		{"rolls": 1,"entries": [{"type": "minecraft:loot_table","value": "switch:i/radioactive_waste_barrel"}]},
		{"rolls": 1,"entries": [{"type": "minecraft:loot_table","value": "switch:i/uranium_shard"}]},
		{"rolls": 1,"entries": [{"type": "minecraft:loot_table","value": "switch:i/chargeless_wand"}]},
		{"rolls": 1,"entries": [{"type": "minecraft:loot_table","value": "switch:i/fertilizer_wand"}]},
		{"rolls": 1,"entries": [{"type": "minecraft:loot_table","value": "switch:i/fireball_wand"}]},
		{"rolls": 1,"entries": [{"type": "minecraft:loot_table","value": "switch:i/shield_wand"}]},
		{"rolls": 1,"entries": [{"type": "minecraft:loot_table","value": "switch:i/storm_wand"}]},
		{"rolls": 1,"entries": [{"type": "minecraft:loot_table","value": "switch:i/souls_bag"}]},
		{"rolls": 1,"entries": [{"type": "minecraft:loot_table","value": "switch:i/souls_bag_half_filled"}]},
		{"rolls": 1,"entries": [{"type": "minecraft:loot_table","value": "switch:i/souls_bag_filled"}]},
		{"rolls": 1,"entries": [{"type": "minecraft:loot_table","value": "switch:i/element_115"}]},
		{"rolls": 1,"entries": [{"type": "minecraft:loot_table","value": "switch:i/zombie_hands"}]},
		{"rolls": 1,"entries": [{"type": "minecraft:loot_table","value": "switch:i/infected_sword_0"}]},
		{"rolls": 1,"entries": [{"type": "minecraft:loot_table","value": "switch:i/infected_sword_1"}]},
		{"rolls": 1,"entries": [{"type": "minecraft:loot_table","value": "switch:i/infected_sword_2"}]},
		{"rolls": 1,"entries": [{"type": "minecraft:loot_table","value": "switch:i/infected_sword_3"}]},
		{"rolls": 1,"entries": [{"type": "minecraft:loot_table","value": "switch:i/infected_sword_4"}]},
		{"rolls": 1,"entries": [{"type": "minecraft:loot_table","value": "switch:i/infected_sword_5"}]},
		{"rolls": 1,"entries": [{"type": "minecraft:loot_table","value": "switch:i/infected_sword_6"}]},
		{"rolls": 1,"entries": [{"type": "minecraft:loot_table","value": "switch:i/infected_sword_7"}]},
		{"rolls": 1,"entries": [{"type": "minecraft:loot_table","value": "switch:i/infected_sword_8"}]},
		{"rolls": 1,"entries": [{"type": "minecraft:loot_table","value": "switch:i/infected_sword_9"}]},
		{"rolls": 1,"entries": [{"type": "minecraft:loot_table","value": "switch:i/infected_sword_10"}]},
		{"rolls": 1,"entries": [{"type": "minecraft:loot_table","value": "switch:i/infected_armor_0"}]},
		{"rolls": 1,"entries": [{"type": "minecraft:loot_table","value": "switch:i/infected_armor_1"}]},
		{"rolls": 1,"entries": [{"type": "minecraft:loot_table","value": "switch:i/infected_armor_2"}]},
		{"rolls": 1,"entries": [{"type": "minecraft:loot_table","value": "switch:i/infected_armor_3"}]},
		{"rolls": 1,"entries": [{"type": "minecraft:loot_table","value": "switch:i/infected_armor_4"}]},
		{"rolls": 1,"entries": [{"type": "minecraft:loot_table","value": "switch:i/infected_armor_5"}]},
		{"rolls": 1,"entries": [{"type": "minecraft:loot_table","value": "switch:i/infected_armor_6"}]},
		{"rolls": 1,"entries": [{"type": "minecraft:loot_table","value": "switch:i/infected_armor_7"}]},
		{"rolls": 1,"entries": [{"type": "minecraft:loot_table","value": "switch:i/infected_armor_8"}]},
		{"rolls": 1,"entries": [{"type": "minecraft:loot_table","value": "switch:i/infected_armor_9"}]},
		{"rolls": 1,"entries": [{"type": "minecraft:loot_table","value": "switch:i/infected_armor_10"}]},
		{"rolls": 1,"entries": [{"type": "minecraft:loot_table","value": "switch:i/zombie_head"}]},
		{"rolls": 1,"entries": [{"type": "minecraft:loot_table","value": "switch:i/zombie_chest"}]},
		{"rolls": 1,"entries": [{"type": "minecraft:loot_table","value": "switch:i/zombie_legs"}]},
		{"rolls": 1,"entries": [{"type": "minecraft:loot_table","value": "switch:i/zombie_feet"}]}
	]
}
