{
	"criteria": {
		"requirement": {
			"trigger": "minecraft:tick",
			"conditions": {
				"player": [
					{
						"condition": "minecraft:inverted",
						"term": {
							"condition": "minecraft:value_check",
							"value": {
								"type": "minecraft:score",
								"target": {
									"type": "minecraft:fixed",
									"name": "LifeCrystalDisabled"
								},
								"score": "stardust.config"
							},
							"range": 1
						}
					},
					{
						"condition": "minecraft:entity_scores",
						"entity": "this",
						"scores": {
							"stardust.life_crystals": {
								"min": 1
							}
						}
					},
					{
						"condition": "minecraft:inverted",
						"term": {
							"condition": "minecraft:entity_properties",
							"entity": "this",
							"predicate": {
								"nbt": "{Attributes:[{Name:\"minecraft:generic.max_health\",Modifiers:[{Name:\"life_crystal\"}]}]}"
							}
						}
					}
				]
			}
		}
	},
	"rewards": {
		"function": "stardust:advancements/update_health"
	}
}
