{
  "criteria": {
    "requirement": {
      "trigger": "minecraft:using_item",
      "conditions": {
        "item": {
          "predicates": {
            "minecraft:custom_data": "{grappling_hook:1b}"
          }
        },
        "player": [
          {
            "condition": "minecraft:value_check",
            "value": {
              "type": "minecraft:score",
              "target": {
                "type": "minecraft:fixed",
                "name": "#grappling_hook.major"
              },
              "score": "load.status"
            },
            "range": 1
          },
          {
            "condition": "minecraft:value_check",
            "value": {
              "type": "minecraft:score",
              "target": {
                "type": "minecraft:fixed",
                "name": "#grappling_hook.minor"
              },
              "score": "load.status"
            },
            "range": 1
          },
          {
            "condition": "minecraft:value_check",
            "value": {
              "type": "minecraft:score",
              "target": {
                "type": "minecraft:fixed",
                "name": "#grappling_hook.patch"
              },
              "score": "load.status"
            },
            "range": 1
          }
        ]
      }
    }
  },
  "rewards": {
    "function": "grappling_hook:v1.1.1/grappling_hook/use"
  }
}
