{
	"display": {
		"icon": {
			"item": "minecraft:written_book",
			"nbt": "{CustomModelData:2012100}"
		},
		"title": {
			"text": "Power age"
		},
		"description": {
			"text": "Following advancements are related to technology",
			"color": "green"
		},
		"frame": "goal",
		"show_toast": false,
		"announce_to_chat": false,
		"hidden": false
	},
	"parent": "stardust:visible/stardust_fragment",
	"criteria": {
		"requirement": {
			"trigger": "minecraft:inventory_changed",
			"conditions": {
				"items": [
					{
						"tag": "stardust:items",
						"nbt": "{stardust:{stardust_fragment:1b}}"
					}
				]
			}
		}
	}
}
