{
  "parent": "minecraft:recipes/root",
  "criteria": {
    "has_the_recipe": {
      "conditions": {
        "recipe": "minecraft:tuff_brick_wall"
      },
      "trigger": "minecraft:recipe_unlocked"
    },
    "has_tuff_bricks": {
      "conditions": {
        "items": [
          {
            "items": [
              "minecraft:tuff_bricks"
            ]
          }
        ]
      },
      "trigger": "minecraft:inventory_changed"
    }
  },
  "requirements": [
    [
      "has_the_recipe",
      "has_tuff_bricks"
    ]
  ],
  "rewards": {
    "recipes": [
      "minecraft:tuff_brick_wall"
    ]
  }
}