{
  "type": "minecraft:chest",
  "pools": [
    {
      "rolls": 1,
      "entries": [
        {
          "type": "minecraft:item",
          "name": "minecraft:book",
          "functions": [
            {
              "function": "minecraft:set_count",
              "count": {
                "min": 0,
                "max": 2,
                "type": "minecraft:uniform"
              }
            }
          ]
        }
      ]
    },
    {
      "rolls": {
        "min": 0,
        "max": 3,
        "type": "minecraft:uniform"
      },
      "entries": [
        {
          "type": "minecraft:item",
          "functions": [
            {
              "function": "minecraft:set_count",
              "count": {
                "min": 1,
                "max": 2,
                "type": "minecraft:uniform"
              }
            }
          ],
          "name": "minecraft:paper"
        },
        {
          "type": "minecraft:item",
          "functions": [
            {
              "function": "minecraft:set_count",
              "count": {
                "min": 1,
                "max": 3,
                "type": "minecraft:uniform"
              }
            }
          ],
          "name": "minecraft:string"
        }
      ]
    }
  ]
}