{
	"display": {
		"icon": {
			"item": "minecraft:player_head",
			"nbt": "{SkullOwner:{Id:[I;-709098200,1001541428,-2043264882,-430220135],Properties:{textures:[{Value:\"eyJ0ZXh0dXJlcyI6eyJTS0lOIjp7InVybCI6Imh0dHA6Ly90ZXh0dXJlcy5taW5lY3JhZnQubmV0L3RleHR1cmUvM2Y4NDVlMzBlNmVjOGI0N2RmZWUxMzI5NmQzYjQ3NzY5YzVjMGE5Nzc3YzNkNTk2ZWJiNDA3ZmY3OTcwNDE1ZCJ9fX0=\"}]}}}"
		},
		"title": {
			"text": "Transfering Energy I"
		},
		"description": {
			"text": "Upgrade an Elite Cable",
			"color": "green"
		},
		"frame": "task",
		"show_toast": true,
		"announce_to_chat": true,
		"hidden": false
	},
	"parent": "stardust:visible/technology/simplenergy_manual",
	"criteria": {
		"requirement": {
			"trigger": "minecraft:inventory_changed",
			"conditions": {
				"items": [
					{
						"tag": "stardust:items",
						"nbt": "{stardust:{stardust_cable:1b}}"
					}
				]
			}
		}
	}
}
