{
	"pools": [
		{
			"rolls": 1,
			"entries": [
				{
					"type": "minecraft:item",
					"name": "minecraft:crossbow",
					"functions": [
						{
							"function": "minecraft:set_components",
							"components": {
								"minecraft:item_name": "[{\"text\":\"Équipement tridimensionnel\",\"color\":\"aqua\",\"italic\":false}]",
								"minecraft:custom_model_data": 38,
								"minecraft:custom_data": "{ChuzData:{ItemID:\"Momentum_Hookshot\"}}"
							}
						}
					]
				}
			]
		}
	]
}
