{
	"display": {
		"icon": { "item": "minecraft:command_block", "nbt": "{CustomModelData:2013157}" },
		"title": { "text": "Increasing Melee Damage I", "color": "aqua" },
		"description": { "text": "Get a level 1 Damage Artifact", "color": "green" },
		"frame": "task",
		"show_toast": true,
		"announce_to_chat": true,
		"hidden": false
	},
	"parent": "stardust:visible/adventure/lucky_artifact_bag",
	"criteria": { "requirement": {
		"trigger": "minecraft:inventory_changed",
		"conditions": { "items": [{
			"tag": "stardust:items",
			"nbt": "{stardust:{damage_artifact_lv1:1b}}"
		}]}
	}}
}
