{
	"type": "minecraft:blasting",
	"ingredient": "minecraft:furnace",
	"result": {
		"id": "minecraft:command_block",
		"count": 1,
		"components": {
			"minecraft:custom_data": {
				"smithed": {
					"dict": {
						"topaz": {
							"topaz": true
						}
					},
					"ignore": {
						"functionality": true,
						"crafting": true
					}
				},
				"switch": {
					"topaz": true
				}
			},
			"minecraft:item_model": "switch:topaz",
			"minecraft:item_name": "{'text': 'Topaz', 'italic': false, 'color': 'white'}",
			"minecraft:lore": [
				"{'text': 'Switch', 'italic': true, 'color': 'blue'}"
			]
		}
	},
	"experience": 0.8,
	"cookingtime": 100
}
