{
	"type": "minecraft:smelting",
	"ingredient": "minecraft:command_block",
	"result": {
		"id": "minecraft:command_block",
		"count": 1,
		"components": {
			"minecraft:custom_data": {
				"smithed": {
					"dict": {
						"ingot": {
							"steel": true
						}
					},
					"ignore": {
						"functionality": true,
						"crafting": true
					}
				},
				"switch": {
					"steel_ingot": true
				}
			},
			"minecraft:item_model": "switch:steel_ingot",
			"minecraft:item_name": "{\"text\": \"Steel Ingot\", \"italic\": false, \"color\": \"white\"}",
			"minecraft:lore": [
				"[\"\", {\"text\": \"I\", \"color\": \"white\", \"italic\": false, \"font\": \"switch:icons\"}, {\"text\": \" Switch\", \"italic\": true, \"color\": \"blue\"}]"
			]
		}
	},
	"experience": 0.8,
	"cookingtime": 200
}
