{
  "type": "minecraft:block",
  "pools": [
    {
      "rolls": 1,
      "entries": [
        {
          "type": "minecraft:item",
          "name": "minecraft:daylight_detector",
          "conditions": [
            {
              "condition": "minecraft:alternative",
              "terms": [
                {
                  "condition": "minecraft:block_state_property",
                  "block": "minecraft:daylight_detector",
                  "properties": {
                    "inverted": "false"
                  } 
                },
                {
                  "condition":"minecraft:inverted",
                  "term":{
                  "condition": "minecraft:match_tool",
                    "predicate": {
                      "enchantments": [
                        {
                          "enchantment": "minecraft:silk_touch"
                        }
                      ]
                    }
                  }
                }
              ]
            }
          ]
        },
        {
          "type": "minecraft:item",
          "name": "minecraft:daylight_detector",
          "functions": [
            {
              "function": "minecraft:copy_state",
              "block": "minecraft:daylight_detector",
              "properties": [
                "inverted"
              ]
            },
            {
              "function": "minecraft:set_nbt",
              "tag": "{CustomModelData:330000}"
            },
            {
              "function": "minecraft:set_name",
              "name": {
                "translate": "block.tcc.moonlight_detector",
                "italic": false
              }
            }
          ],
          "conditions": [
            {
              "condition": "minecraft:inverted",
              "term": {
                "condition": "minecraft:block_state_property",
                "block": "minecraft:daylight_detector",
                "properties": {
                  "inverted": "false"
                }
              }
            },
            {
              "condition": "minecraft:match_tool",
              "predicate": {
                "enchantments": [
                  {
                    "enchantment": "minecraft:silk_touch"
                  }
                ]
              }
            }
          ]
        }
      ]
    }
  ],
  "__smithed__":{
    "rules":[
      {
        "type":"smithed:append",
        "target":"pools[0].entries[0].conditions",
        "source":{
          "type":"smithed:reference",
          "path":"pools[0].entries[0].conditions[0]"
        }
      },
      {
        "type":"smithed:append",
        "target":"pools[0].entries",
        "source":{
          "type":"smithed:reference",
          "path":"pools[0].entries[1]"
        }
      }
    ]
  }
}
