{
  "type": "minecraft:block",
  "pools": [
    {
      "rolls": 1,
      "bonus_rolls": 0,
      "entries": [
        {
          "type": "minecraft:item",
          "name": "minecraft:large_amethyst_bud",
          "conditions": [
            {
              "condition": "minecraft:match_tool",
              "predicate": {
                "enchantments": [
                  {
                    "enchantment": "minecraft:silk_touch",
                    "levels": {
                      "min": 1
                    }
                  }
                ]
              }
            }
          ]
        },
        {
          "type": "minecraft:loot_table",
          "name": "tcc:items/amethyst_dust",
          "conditions": [
            {
              "condition": "minecraft:random_chance",
              "chance": 0.03
            },
            {
              "condition":"minecraft:inverted",
              "term": {
                "condition": "minecraft:match_tool",
                "predicate": {
                  "enchantments": [
                    {
                      "enchantment": "minecraft:silk_touch",
                      "levels": {
                        "min": 1
                      }
                    }
                  ]
                }
              }
            }
          ]
        }
      ]
    }
  ],
  "__smithed__": {
    "rules": [
      {
        "type":"smithed:append",
        "target":"pools[0].entries",
        "source": {
          "type":"smithed:reference",
          "path":"pools[0].entries[1]"
        }
      }
    ]
  }
}
