{
  "type": "minecraft:block",
  "pools": [
    {
      "rolls": 1,
      "entries": [
        {
          "type": "minecraft:item",
          "name": "minecraft:lime_candle"
        }
      ]
    },
    {
      "rolls": 1,
      "entries": [
        {
          "type": "minecraft:item",
          "name": "minecraft:cake",
          "conditions": [
            {
              "condition": "minecraft:location_check",
              "predicate": {
                "block": {
                  "blocks": [
                    "minecraft:air"
                  ]
                }
              }
            }
          ]
        }
      ]
    }
  ],
  "__smithed__": {
    "rules":[
      {
        "type":"smithed:append",
        "target":"pools",
        "source":{
          "type":"smithed:reference",
          "path":"pools[1]"
        }
      }
    ]
  }
}
