{
  "type": "minecraft:block",
  "pools": [
    {
      "rolls": 1,
      "entries": [
        {
          "type": "minecraft:alternatives",
          "children": [
            {
              "type": "minecraft:item",
              "conditions": [
                {
                  "condition": "minecraft:match_tool",
                  "predicate": {
                    "enchantments": [
                      {
                        "enchantment": "minecraft:silk_touch",
                        "levels": {
                          "min": 1
                        }
                      }
                    ]
                  }
                }
              ],
              "name": "minecraft:sea_lantern"
            },
            {
              "type": "minecraft:item",
              "functions": [
                {
                  "function": "minecraft:set_count",
                  "count": {
                    "min": 2.0,
                    "max": 4.0,
                    "type": "minecraft:uniform"
                  }
                },
                {
                  "function": "minecraft:apply_bonus",
                  "enchantment": "minecraft:fortune",
                  "formula": "minecraft:uniform_bonus_count",
                  "parameters": {
                    "bonusMultiplier": 1
                  }
                },
                {
                  "function": "minecraft:limit_count",
                  "limit": {
                    "max": 4,
                    "min": 1
                  }
                },
                {
                  "function": "minecraft:explosion_decay"
                }
              ],
              "name": "minecraft:prismarine_crystals"
            }
          ]
        }
      ]
    }
  ],
  "__smithed__": {
    "rules": [
      {
        "type":"smithed:merge",
        "target": "pools[0].entries[0].children[1].functions[0].count.max",
        "source": {
          "type":"smithed:reference",
          "path": "pools[0].entries[0].children[1].functions[0].count.max"
        }
      },
      {
        "type":"smithed:merge",
        "target": "pools[0].entries[0].children[1].functions[2].limit.max",
        "source": {
          "type":"smithed:reference",
          "path": "pools[0].entries[0].children[1].functions[2].limit.max"
        }
      }
    ]
  }
}