[
	{
	  "text": "\\uef01\\n\\n\\n\\n\\n\\n",
	  "font": "simpledrawer:font",
	  "color": "white"
	},
	{
	  "text": "\\uff0a",
	  "font": "simpledrawer:font",
	  "color": "white",
	  "hoverEvent": {
		"action": "show_text",
		"contents": [
		  {
			"text": "Heavy Workbench"
		  }
		]
	  },
	  "clickEvent": {
		"action": "change_page",
		"value": "2"
	  }
	},
	{
	  "text": "\\uff00",
	  "font": "simpledrawer:font",
	  "color": "white",
	  "hoverEvent": {
		"action": "show_text",
		"contents": [
		  {
			"text": "Drawer"
		  }
		]
	  },
	  "clickEvent": {
		"action": "change_page",
		"value": "3"
	  }
	},
	{
	  "text": "\\uff02",
	  "font": "simpledrawer:font",
	  "color": "white",
	  "hoverEvent": {
		"action": "show_text",
		"contents": [
		  {
			"translate": "simpledrawer.iron_upgrade"
		  }
		]
	  },
	  "clickEvent": {
		"action": "change_page",
		"value": "4"
	  }
	},
	{
	  "text": "\\uff03\\n\\n\\n",
	  "font": "simpledrawer:font",
	  "color": "white",
	  "hoverEvent": {
		"action": "show_text",
		"contents": [
		  {
			"translate": "simpledrawer.gold_upgrade"
		  }
		]
	  },
	  "clickEvent": {
		"action": "change_page",
		"value": "5"
	  }
	},
	{
	  "text": "\\uff04",
	  "font": "simpledrawer:font",
	  "color": "white",
	  "hoverEvent": {
		"action": "show_text",
		"contents": [
		  {
			"translate": "simpledrawer.diamond_upgrade"
		  }
		]
	  },
	  "clickEvent": {
		"action": "change_page",
		"value": "6"
	  }
	},
	{
	  "text": "\\uff05",
	  "font": "simpledrawer:font",
	  "color": "white",
	  "hoverEvent": {
		"action": "show_text",
		"contents": [
		  {
			"translate": "simpledrawer.star_upgrade"
		  }
		]
	  },
	  "clickEvent": {
		"action": "change_page",
		"value": "7"
	  }
	},
	{
	  "text": "\\uff06",
	  "font": "simpledrawer:font",
	  "color": "white",
	  "hoverEvent": {
		"action": "show_text",
		"contents": [
		  {
			"text": "Netherite"
		  }
		]
	  },
	  "clickEvent": {
		"action": "change_page",
		"value": "8"
	  }
	},
	{
	  "text": "\\uff01\\n\\n\\n",
	  "font": "simpledrawer:font",
	  "color": "white",
	  "hoverEvent": {
		"action": "show_text",
		"contents": [
		  {
			"translate": "simpledrawer.hopper_upgrade"
		  }
		]
	  },
	  "clickEvent": {
		"action": "change_page",
		"value": "9"
	  }
	},
	{
	  "text": "\\uff07",
	  "font": "simpledrawer:font",
	  "color": "white",
	  "hoverEvent": {
		"action": "show_text",
		"contents": [
		  {
			"text": "Downgrade Wrench"
		  }
		]
	  },
	  "clickEvent": {
		"action": "change_page",
		"value": "10"
	  }
	},
	{
	  "text": "\\uff08",
	  "font": "simpledrawer:font",
	  "color": "white",
	  "hoverEvent": {
		"action": "show_text",
		"contents": [
		  {
			"text": "SimpleDrawer Guide"
		  }
		]
	  },
	  "clickEvent": {
		"action": "change_page",
		"value": "11"
	  }
	},
	{
	   "text":"    "
	}
	,
	{
	  "text": "\\uff09",
	  "font": "simpledrawer:font",
	  "color": "white",
	  "hoverEvent": {
		"action": "show_text",
		"contents": [
		  {
			 "translate":"simpledrawer.guide.message"
		  }
		]
	  },
	  "clickEvent": {
		"action": "open_url",
		"value": "https://github.com/edayot/SimpleDrawer/wiki"
	  }
	}
  ]