{
	"display": {
		"icon": {
			"item": "minecraft:barrel",
			"nbt": "{CustomModelData:2013209}"
		},
		"title": {
			"text": "Cobbleing II",
			"color": "aqua"
		},
		"description": {
			"text": "Place a level 2 Cobblestoner Miner",
			"color": "green"
		},
		"frame": "task",
		"show_toast": true,
		"announce_to_chat": true,
		"hidden": false
	},
	"parent": "stardust:visible/stuff/cobblestone/miner/lv1",
	"criteria": {
		"requirement": {
			"trigger": "minecraft:item_used_on_block",
			"conditions": {
				"location": [
					{
						"condition": "minecraft:match_tool",
						"predicate": {
							"tag": "stardust:items",
							"nbt": "{stardust:{cobblestone_miner_lv2:1b}}"
						}
					}
				]
			}
		}
	}
}
