{
  "display": {
    "icon": {
      "item": "minecraft:bow"
    },
    "title":{
      "translate":"Technical Bow",
      "color":"#FFE2A8"
    },
    "description": {
      "translate": "Get every custom enchantment book for the bow",
      "color": "green"
    },
    "frame": "goal",
    "show_toast": true,
    "announce_to_chat": false,
    "hidden": false
  },
  "parent": "enchadv:weapons/start",
  "criteria": {
    "got_accuracy_shot": {
      "trigger": "minecraft:inventory_changed",
      "conditions": {
        "items": [
          {
            "items": [
              "minecraft:enchanted_book"
            ],
            "nbt": "{StoredCustomEnchantments:[{id:\"AccuracyShot\"}]}"
          }
        ]
      }
    },
    "got_anti_explosion": {
      "trigger": "minecraft:inventory_changed",
      "conditions": {
        "items": [
          {
            "items": [
              "minecraft:enchanted_book"
            ],
            "nbt": "{StoredCustomEnchantments:[{id:\"AntiExplosion\"}]}"
          }
        ]
      }
    },
    "got_arachnid": {
      "trigger": "minecraft:inventory_changed",
      "conditions": {
        "items": [
          {
            "items": [
              "minecraft:enchanted_book"
            ],
            "nbt": "{StoredCustomEnchantments:[{id:\"Arachnid\"}]}"
          }
        ]
      }
    },
    "got_explosive": {
      "trigger": "minecraft:inventory_changed",
      "conditions": {
        "items": [
          {
            "items": [
              "minecraft:enchanted_book"
            ],
            "nbt": "{StoredCustomEnchantments:[{id:\"Explosive\"}]}"
          }
        ]
      }
    }
  },
  "requirements": [
    [
      "got_accuracy_shot"
    ],
    [
      "got_anti_explosion"
    ],
    [
      "got_arachnid"
    ],
    [
      "got_explosive"
    ]
  ]
}
