{
	"pools": [
		{
			"rolls": 1,
			"bonus_rolls": 0,
			"entries": [
				{
					"type": "minecraft:item",
					"name": "minecraft:barrel",
					"functions": [
						{
							"function": "minecraft:copy_nbt",
							"source": {
								"type": "minecraft:storage",
								"source": "crazy_adventure:main"
							},
							"ops": [
								{
									"source": "all.ore_extractor_lvl_3.tag",
									"target": "{}",
									"op": "merge"
								}
							]
						}
					]
				}
			]
		}
	]
}
