{
  "pools": [
    {
      "rolls": 1,
      "entries": [
        {
          "type": "minecraft:item",
          "name": "minecraft:netherite_hoe",
          "functions": [
            {
              "function": "minecraft:set_components",
              "components": {
                "minecraft:custom_data": {
                  "smithed": {
                    "dict": {
                      "tools": {
                        "adamantium": true,
                        "hoe": true
                      }
                    },
                    "ignore": {
                      "functionality": true,
                      "crafting": true
                    }
                  },
                  "switch": {
                    "adamantium_hoe": true
                  }
                },
                "minecraft:max_damage": 1873,
                "minecraft:attribute_modifiers": [
                  {
                    "type": "attack_damage",
                    "amount": 0.2,
                    "operation": "add_value",
                    "slot": "mainhand",
                    "id": "minecraft:base_attack_damage"
                  },
                  {
                    "type": "attack_speed",
                    "amount": 0.0,
                    "operation": "add_value",
                    "slot": "mainhand",
                    "id": "minecraft:base_attack_speed"
                  },
                  {
                    "type": "mining_efficiency",
                    "amount": 0.2,
                    "operation": "add_value",
                    "slot": "mainhand",
                    "id": "switch:mining_efficiency.mainhand"
                  }
                ],
                "minecraft:item_model": "switch:adamantium_hoe",
                "minecraft:item_name": "{\"text\": \"Adamantium Hoe\", \"italic\": false, \"color\": \"white\"}",
                "minecraft:lore": [
                  "{\"text\": \"Switch\", \"italic\": true, \"color\": \"blue\"}"
                ]
              }
            }
          ]
        }
      ]
    }
  ]
}
