{
	"pools": [
		{
			"rolls": 1,
			"entries": [
				{
					"type": "minecraft:item",
					"name": "minecraft:command_block",
					"functions": [
						{
							"function": "minecraft:set_components",
							"components": {
								"minecraft:custom_data": {
									"smithed": {
										"dict": {"fragment": {"adamantium": true}},
										"ignore": {"functionality": true,"crafting": true}
									},
									"switch": {
										"adamantium_fragment": true
									}
								},
								"minecraft:item_model": "switch:adamantium_fragment",
								"minecraft:item_name": {
									"text": "Adamantium Fragment"
								},
								"minecraft:lore": [
									[
										"",
										{"text": "I","color": "white","italic": false,"font": "switch:icons"},
										{"text": " Switch","italic": true,"color": "blue"}
									]
								]
							}
						}
					]
				}
			]
		}
	]
}
