{
  "pools": [
    {
      "rolls": 1,
      "entries": [
        {
          "type": "minecraft:item",
          "name": "minecraft:command_block",
          "functions": [
            {
              "function": "minecraft:set_components",
              "components": {
                "minecraft:equippable": {
                  "slot": "chest",
                  "model": "switch:ruby"
                },
                "minecraft:item_model": "switch:ruby_chestplate",
                "minecraft:item_name": "\"Ruby Chestplate\"",
                "minecraft:unbreakable": {},
                "minecraft:attribute_modifiers": [
                  {
                    "type": "armor",
                    "slot": "chest",
                    "id": "switch.armor",
                    "amount": 4.4,
                    "operation": "add_value"
                  }
                ],
                "minecraft:lore": [
                  "[\"\", {\"text\": \"I\", \"color\": \"white\", \"italic\": false, \"font\": \"switch:icons\"}, {\"text\": \" Switch\", \"italic\": true, \"color\": \"blue\"}]"
                ],
                "minecraft:custom_data": {
                  "switch": {
                    "infected_armor_8": true
                  },
                  "smithed": {
                    "ignore": {
                      "functionality": true,
                      "crafting": true
                    }
                  }
                }
              }
            }
          ]
        }
      ]
    }
  ]
}
