{
  "pools": [
    {
      "rolls": 1,
      "entries": [
        {
          "type": "minecraft:item",
          "name": "minecraft:command_block",
          "functions": [
            {
              "function": "minecraft:set_components",
              "components": {
                "minecraft:item_model": "minecraft:iron_sword",
                "minecraft:item_name": "\"Iron Sword\"",
                "minecraft:unbreakable": {},
                "minecraft:attribute_modifiers": [
                  {
                    "type": "attack_damage",
                    "slot": "mainhand",
                    "id": "base_attack_damage",
                    "amount": 4.15,
                    "operation": "add_value"
                  }
                ],
                "minecraft:lore": [
                  "{\"text\": \"Switch\", \"italic\": true, \"color\": \"blue\"}"
                ],
                "minecraft:custom_data": {
                  "switch": {
                    "infected_sword_3": true
                  },
                  "smithed": {
                    "ignore": {
                      "functionality": true,
                      "crafting": true
                    }
                  }
                }
              }
            }
          ]
        }
      ]
    }
  ]
}
