{
  "pools": [
    {
      "rolls": 1,
      "entries": [
        {
          "type": "minecraft:item",
          "name": "minecraft:diamond_shovel",
          "functions": [
            {
              "function": "minecraft:set_components",
              "components": {
                "minecraft:custom_data": {
                  "smithed": {
                    "dict": {
                      "tools": {
                        "obsidian": true,
                        "shovel": true
                      }
                    },
                    "ignore": {
                      "functionality": true,
                      "crafting": true
                    }
                  },
                  "switch": {
                    "obsidian_shovel": true
                  }
                },
                "minecraft:max_damage": 3902,
                "minecraft:attribute_modifiers": [
                  {
                    "type": "attack_damage",
                    "amount": 4.3,
                    "operation": "add_value",
                    "slot": "mainhand",
                    "id": "minecraft:base_attack_damage"
                  },
                  {
                    "type": "attack_speed",
                    "amount": -3.0,
                    "operation": "add_value",
                    "slot": "mainhand",
                    "id": "minecraft:base_attack_speed"
                  },
                  {
                    "type": "mining_efficiency",
                    "amount": -0.2,
                    "operation": "add_value",
                    "slot": "mainhand",
                    "id": "switch:mining_efficiency.mainhand"
                  }
                ],
                "minecraft:item_model": "switch:obsidian_shovel",
                "minecraft:item_name": "{\"text\": \"Obsidian Shovel\", \"italic\": false, \"color\": \"white\"}",
                "minecraft:lore": [
                  "[\"\", {\"text\": \"I\", \"color\": \"white\", \"italic\": false, \"font\": \"switch:icons\"}, {\"text\": \" Switch\", \"italic\": true, \"color\": \"blue\"}]"
                ]
              }
            }
          ]
        }
      ]
    }
  ]
}
