{
  "pools": [
    {
      "rolls": 1,
      "entries": [
        {
          "type": "minecraft:item",
          "name": "minecraft:leather_boots",
          "functions": [
            {
              "function": "minecraft:set_components",
              "components": {
                "minecraft:custom_data": {
                  "smithed": {
                    "dict": {
                      "armor": {
                        "ruby": true,
                        "boots": true
                      }
                    },
                    "ignore": {
                      "functionality": true,
                      "crafting": true
                    }
                  },
                  "switch": {
                    "ruby_boots": true
                  }
                },
                "minecraft:dyed_color": {
                  "rgb": 9571615,
                  "show_in_tooltip": false
                },
                "minecraft:max_damage": 452,
                "minecraft:equippable": {
                  "slot": "feet",
                  "model": "switch:ruby"
                },
                "minecraft:attribute_modifiers": [
                  {
                    "type": "armor",
                    "amount": 3.5,
                    "operation": "add_value",
                    "slot": "feet",
                    "id": "switch:armor.feet"
                  },
                  {
                    "type": "armor_toughness",
                    "amount": 2,
                    "operation": "add_value",
                    "slot": "feet",
                    "id": "switch:armor_toughness.feet"
                  }
                ],
                "minecraft:item_model": "switch:ruby_boots",
                "minecraft:item_name": "{\"text\": \"Ruby Boots\", \"italic\": false, \"color\": \"white\"}",
                "minecraft:lore": [
                  "{\"text\": \"Switch\", \"italic\": true, \"color\": \"blue\"}"
                ]
              }
            }
          ]
        }
      ]
    }
  ]
}
