{
  "pools": [
    {
      "rolls": 1,
      "entries": [
        {
          "type": "minecraft:item",
          "name": "minecraft:command_block",
          "functions": [
            {
              "function": "minecraft:set_components",
              "components": {
                "minecraft:custom_data": {
                  "smithed": {
                    "dict": {
                      "ruby": {
                        "ruby": true
                      }
                    },
                    "ignore": {
                      "functionality": true,
                      "crafting": true
                    }
                  },
                  "switch": {
                    "ruby": true
                  }
                },
                "minecraft:item_model": "switch:ruby",
                "minecraft:item_name": "{'text': 'Ruby', 'italic': false, 'color': 'white'}",
                "minecraft:lore": [
                  "{'text': 'Switch', 'italic': true, 'color': 'blue'}"
                ]
              }
            }
          ]
        }
      ]
    }
  ]
}
