{
  "pools": [
    {
      "rolls": 1,
      "entries": [
        {
          "type": "minecraft:item",
          "name": "minecraft:command_block",
          "functions": [
            {
              "function": "minecraft:set_components",
              "components": {
                "minecraft:custom_data": {
                  "smithed": {
                    "dict": {
                      "topaz": {
                        "topaz": true
                      }
                    },
                    "ignore": {
                      "functionality": true,
                      "crafting": true
                    }
                  },
                  "switch": {
                    "topaz": true
                  }
                },
                "minecraft:item_model": "switch:topaz",
                "minecraft:item_name": "{\"text\": \"Topaz\", \"italic\": false, \"color\": \"white\"}",
                "minecraft:lore": [
                  "{\"text\": \"Switch\", \"italic\": true, \"color\": \"blue\"}"
                ]
              }
            }
          ]
        }
      ]
    }
  ]
}
