{
  "pools": [
    {
      "rolls": 1,
      "entries": [
        {
          "type": "minecraft:item",
          "name": "minecraft:crossbow",
          "functions": [
            {
              "function": "minecraft:set_components",
              "components": {
                "minecraft:custom_model_data": 1439003,
                "minecraft:custom_data": {
                  "smithed": {
                    "id": "grappling_hook:advanced_grappling_hook"
                  }
                }
              }
            },
            {
              "function": "minecraft:set_name",
              "entity": "this",
              "target": "item_name",
              "name": {
                "translate": "grappling_hook.item.advanced_grappling_hook",
                "color": "white",
                "fallback": "Advanced Grappling hook"
              }
            },
            {
              "function": "minecraft:set_lore",
              "entity": "this",
              "lore": [
                {
                  "translate": "grappling_hook.name",
                  "color": "blue",
                  "italic": true
                }
              ],
              "mode": "replace_all"
            },
            {
              "function": "minecraft:set_components",
              "components": {
                "minecraft:enchantments": {
                  "levels": {
                    "grappling_hook:grappling_hook": 30
                  }
                }
              }
            },
            {
              "function": "minecraft:set_components",
              "components": {
                "minecraft:enchantment_glint_override": false
              }
            },
            {
              "function": "minecraft:set_components",
              "components": {
                "minecraft:max_damage": 420
              }
            },
            {
              "function": "minecraft:set_custom_data",
              "tag": "{grappling_hook:1b}"
            },
            {
              "function": "minecraft:reference",
              "name": "grappling_hook:v1.1.1/add_versionning"
            }
          ]
        }
      ]
    }
  ]
}
