{
  "pools": [
    {
      "rolls": 1,
      "entries": [
        {
          "type": "item",
          "name": "minecraft:emerald",
          "weight": 1,
          "functions": [
            {
              "function": "set_count",
              "count": {
                "min": 20,
                "max": 30
              }
            }
          ]
        }
      ]
    },
    {
      "rolls": 1,
      "entries": [
        {
          "type": "loot_table",
          "name": "tcc:items/snail_bucket"
        },
        {
          "type": "loot_table",
          "name": "tcc:items/amethyst_dust"
        },
        {
          "type": "loot_table",
          "name": "tcc:items/swordfish"
        }
      ]
    }
  ]
}
