{
	"pools": [
		{
			"rolls": {
				"type": "minecraft:uniform",
				"min": 4,
				"max": 6
			},
			"entries": [
				{
					"type": "minecraft:item",
					"name": "minecraft:golden_apple",
					"weight": 1
				},
				{
					"type": "minecraft:item",
					"name": "minecraft:potion",
					"weight": 3,
					"functions": [
						{
							"function": "minecraft:set_potion",
							"id": "minecraft:healing"
						}
					]
				},
				{
					"type": "minecraft:item",
					"name": "minecraft:potion",
					"weight": 1,
					"functions": [
						{
							"function": "minecraft:set_potion",
							"id": "minecraft:regeneration"
						}
					]
				}
			]
		},
		{
			"rolls": 1,
			"entries": [
				{
					"type": "minecraft:item",
					"name": "minecraft:command_block",
					"functions": [
						{
							"function": "minecraft:set_components",
							"components": {
								"minecraft:item_name": "{\"text\":\"Element 115\",\"color\":\"light_purple\",\"italic\":false}",
								"minecraft:lore": [
									"{\"text\":\"Infected\",\"color\":\"dark_green\",\"italic\":true}"
								],
								"minecraft:custom_model_data": 2013001,
								"minecraft:custom_data": "{switch:{115:true}}"
							}
						}
					]
				}
			]
		}
	]
}
