{
	"pools": [
		{
			"rolls": {
				"type": "minecraft:uniform",
				"min": 4,
				"max": 6
			},
			"entries": [
				{
					"type": "minecraft:item",
					"name": "minecraft:golden_apple",
					"weight": 1
				},
				{
					"type": "minecraft:item",
					"name": "minecraft:potion",
					"weight": 3,
					"functions": [
						{
							"function": "minecraft:set_potion",
							"id": "minecraft:healing"
						}
					]
				},
				{
					"type": "minecraft:item",
					"name": "minecraft:potion",
					"weight": 1,
					"functions": [
						{
							"function": "minecraft:set_potion",
							"id": "minecraft:regeneration"
						}
					]
				}
			]
		},
		{
			"rolls": 1,
			"entries": [
				{
					"type": "minecraft:loot_table",
					"value": "switch:i/element_115"
				}
			]
		}
	]
}
