[
  {
    "function": "minecraft:copy_nbt",
    "source": {
      "type": "minecraft:storage",
      "source": "tcc:storage"
    },
    "ops": [
      {
        "source": "root.temp.item.tag",
        "target": "{}",
        "op": "merge"
      }
    ]
  },
  {
    "function": "minecraft:set_lore",
    "entity": "this",
    "lore": [
      {
        "translate": "item.durability",
        "with": [
          {
            "nbt": "root.temp.item.tag.tcc.durability[0]",
            "storage": "tcc:storage"
          },
          {
            "nbt": "root.temp.item.tag.tcc.durability[1]",
            "storage": "tcc:storage"
          }
        ],
        "color": "gray",
        "italic": false
      }
    ],
    "replace": false
  }
]
