{
  "condition": "minecraft:entity_properties",
  "entity": "this",
  "predicate": {
    "equipment": {
      "mainhand": {
        "items": [
          "minecraft:turtle_helmet",
          "minecraft:netherite_helmet",
          "minecraft:diamond_helmet",
          "minecraft:iron_helmet",
          "minecraft:golden_helmet",
          "minecraft:chainmail_helmet",
          "minecraft:leather_helmet",

          "minecraft:player_head",
          
          "minecraft:netherite_sword",
          "minecraft:diamond_sword",
          "minecraft:iron_sword",
          "minecraft:golden_sword",
          "minecraft:stone_sword",
          "minecraft:wooden_sword",

          "minecraft:bow",

          "minecraft:diamond_horse_armor",
          "minecraft:iron_horse_armor",
          "minecraft:golden_horse_armor",
          "minecraft:leather_horse_armor"
        ]
      }
    }
  }
}
