{
	"type": "minecraft:crafting_shaped",
	"category": "equipment",
	"pattern": [
		"X X",
		"XXX",
		"XXX"
	],
	"key": {
		"X": "minecraft:emerald"
	},
	"result": {
		"id": "minecraft:leather_chestplate",
		"count": 1,
		"components": {
			"minecraft:custom_data": {
				"smithed": {
					"dict": {"armor": {"emerald": true,"chestplate": true}},
					"ignore": {"functionality": true,"crafting": true}
				},
				"switch": {
					"emerald_chestplate": true
				}
			},
			"minecraft:dyed_color": {
				"rgb": 2532680,
				"show_in_tooltip": false
			},
			"minecraft:max_damage": 248,
			"minecraft:equippable": {
				"slot": "chest",
				"model": "switch:emerald"
			},
			"minecraft:attribute_modifiers": [
				{
					"type": "armor",
					"amount": 8,
					"operation": "add_value",
					"slot": "chest",
					"id": "switch:armor.chest"
				},
				{
					"type": "armor_toughness",
					"amount": 2,
					"operation": "add_value",
					"slot": "chest",
					"id": "switch:armor_toughness.chest"
				},
				{
					"type": "luck",
					"amount": 0.25,
					"operation": "add_value",
					"slot": "chest",
					"id": "switch:luck.chest"
				}
			],
			"minecraft:item_model": "switch:emerald_chestplate",
			"minecraft:item_name": "{\"text\": \"Emerald Chestplate\", \"italic\": false, \"color\": \"white\"}",
			"minecraft:lore": [
				"{\"text\": \"Switch\", \"italic\": true, \"color\": \"blue\"}"
			]
		}
	}
}
