{
	"type": "minecraft:crafting_shaped",
	"category": "equipment",
	"pattern": [
		"XXX",
		" S ",
		" S "
	],
	"key": {
		"X": "minecraft:emerald",
		"S": "minecraft:stick"
	},
	"result": {
		"id": "minecraft:diamond_pickaxe",
		"count": 1,
		"components": {
			"minecraft:custom_data": {
				"smithed": {
					"dict": {"tools": {"emerald": true,"pickaxe": true}},
					"ignore": {"functionality": true,"crafting": true}
				},
				"switch": {
					"emerald_pickaxe": true
				}
			},
			"minecraft:max_damage": 736,
			"minecraft:attribute_modifiers": [
				{
					"type": "attack_damage",
					"amount": 4,
					"operation": "add_value",
					"slot": "mainhand",
					"id": "minecraft:base_attack_damage"
				},
				{
					"type": "attack_speed",
					"amount": -2.8,
					"operation": "add_value",
					"slot": "mainhand",
					"id": "minecraft:base_attack_speed"
				},
				{
					"type": "luck",
					"amount": 0.25,
					"operation": "add_value",
					"slot": "mainhand",
					"id": "switch:luck.mainhand"
				}
			],
			"minecraft:item_model": "switch:emerald_pickaxe",
			"minecraft:item_name": "{\"text\": \"Emerald Pickaxe\", \"italic\": false, \"color\": \"white\"}",
			"minecraft:lore": [
				"[\"\", {\"text\": \"I\", \"color\": \"white\", \"italic\": false, \"font\": \"switch:icons\"}, {\"text\": \" Switch\", \"italic\": true, \"color\": \"blue\"}]"
			]
		}
	}
}
