{
	"type": "minecraft:crafting_shaped",
	"category": "equipment",
	"pattern": [
		"X X",
		"X X"
	],
	"key": {
		"X": "minecraft:emerald"
	},
	"result": {
		"id": "minecraft:leather_boots",
		"count": 1,
		"components": {
			"minecraft:custom_data": {
				"smithed": {
					"dict": {"armor": {"emerald": true,"boots": true}},
					"ignore": {"functionality": true,"crafting": true}
				},
				"switch": {
					"emerald_boots": true
				}
			},
			"minecraft:max_damage": 202,
			"minecraft:equippable": {
				"slot": "feet",
				"asset_id": "switch:emerald"
			},
			"minecraft:attribute_modifiers": [
				{
					"type": "armor",
					"amount": 3,
					"operation": "add_value",
					"slot": "feet",
					"id": "switch:armor.feet"
				},
				{
					"type": "armor_toughness",
					"amount": 2,
					"operation": "add_value",
					"slot": "feet",
					"id": "switch:armor_toughness.feet"
				},
				{
					"type": "luck",
					"amount": 0.25,
					"operation": "add_value",
					"slot": "feet",
					"id": "switch:luck.feet"
				}
			],
			"minecraft:item_model": "switch:emerald_boots",
			"minecraft:item_name": "{\"text\": \"Emerald Boots\", \"italic\": false, \"color\": \"white\"}",
			"minecraft:lore": [
				"[\"\", {\"text\": \"I\", \"color\": \"white\", \"italic\": false, \"font\": \"switch:icons\"}, {\"text\": \" Switch\", \"italic\": true, \"color\": \"blue\"}]"
			]
		}
	}
}
