{
  "display": {
    "icon": {
      "item": "minecraft:enchanted_book"
    },
    "title": {
      "translate":"Curse of Sensitive",
      "color":"#FF4099"
    },
    "description": {
      "translate": "Has a lot of accumulated tension",
      "color": "white"
    },
    "frame": "task",
    "show_toast": true,
    "announce_to_chat": false,
    "hidden": false
  },
  "parent": "enchadv:curses/fragile",
  "criteria": {
    "requirement": {
      "trigger": "minecraft:inventory_changed",
      "conditions": {
        "items": [
          {
            "items": [
              "minecraft:enchanted_book"
            ],
            "nbt": "{StoredCustomCurse:[{id:\"Sensitive\",lvl:1}]}"
          }
        ]
      }
    }
  }
}
