{
  "parent": "tcc:technical/root",
  "criteria": {
    "hurt_entity": {
      "trigger": "minecraft:player_hurt_entity",
      "conditions": {
        "damage": {
          "type": {
            "direct_entity": {
              "type": "minecraft:spectral_arrow"
            }
          }
        },
        "entity": [
          {
            "condition": "minecraft:entity_properties",
            "entity": "this",
            "predicate": {
              "nbt": "{Tags:[\"tcc.cannot_glow\"]}"
            }
          }
        ]
      }
    }
  },
  "rewards": {
    "function": "tcc:entity/trader_entity/improper_glowing/schedule"
  }
}
