{
  "criteria": {
    "hit_witch_trader": {
      "trigger": "minecraft:player_hurt_entity",
      "conditions": {
        "entity": {
          "type": "wandering_trader",
          "nbt": "{Tags:[\"tcc.witch_trader\"]}"
        },
        "player": [
          {
            "condition": "minecraft:inverted",
            "term": {
              "condition": "minecraft:entity_properties",
              "entity": "this",
              "predicate": {
                "type_specific": {
                  "type": "player",
                  "gamemode": "creative"
                }
              }
            }
          }
        ]
      }
    }
  },
  "rewards": {
    "function": "tcc:entity/witch/hit_trader/main"
  },
  "parent": "tcc:technical/root"
}