{
  "providers": [
    {
      "type": "reference",
      "id": "minecraft:include/space"
    },
    {
      "type": "bitmap",
      "file": "grappling_hook:item/font/none_2.png",
      "ascent": 7,
      "height": 8,
      "chars": [
        "\uf8f0"
      ]
    },
    {
      "type": "bitmap",
      "file": "grappling_hook:item/font/none_3.png",
      "ascent": 7,
      "height": 8,
      "chars": [
        "\uf8f1"
      ]
    },
    {
      "type": "bitmap",
      "file": "grappling_hook:item/font/none_4.png",
      "ascent": 7,
      "height": 8,
      "chars": [
        "\uf8f2"
      ]
    },
    {
      "type": "bitmap",
      "file": "grappling_hook:item/font/none_5.png",
      "ascent": 7,
      "height": 8,
      "chars": [
        "\uf8f3"
      ]
    },
    {
      "type": "bitmap",
      "file": "grappling_hook:item/font/template_result.png",
      "ascent": -11,
      "height": 34,
      "chars": [
        "\uf8f4"
      ]
    },
    {
      "type": "bitmap",
      "file": "grappling_hook:item/font/furnace_craft.png",
      "ascent": 5,
      "height": 68,
      "chars": [
        "\uf8f5"
      ]
    },
    {
      "type": "bitmap",
      "file": "grappling_hook:item/font/template_result.png",
      "ascent": 6,
      "height": 34,
      "chars": [
        "\uf8f6"
      ]
    },
    {
      "type": "bitmap",
      "file": "grappling_hook:item/font/template_craft.png",
      "ascent": 6,
      "height": 68,
      "chars": [
        "\uf8f7"
      ]
    },
    {
      "type": "bitmap",
      "file": "grappling_hook:item/logo/github.png",
      "ascent": 7,
      "height": 25,
      "chars": [
        "1"
      ]
    },
    {
      "type": "bitmap",
      "file": "grappling_hook:item/logo/pmc.png",
      "ascent": 7,
      "height": 25,
      "chars": [
        "2"
      ]
    },
    {
      "type": "bitmap",
      "file": "grappling_hook:item/logo/smithed.png",
      "ascent": 7,
      "height": 25,
      "chars": [
        "3"
      ]
    },
    {
      "type": "bitmap",
      "file": "grappling_hook:item/logo/modrinth.png",
      "ascent": 7,
      "height": 25,
      "chars": [
        "4"
      ]
    },
    {
      "type": "bitmap",
      "file": "grappling_hook:item/font/number/2.png",
      "ascent": 10,
      "height": 24,
      "chars": [
        "\ue000"
      ]
    },
    {
      "type": "bitmap",
      "file": "grappling_hook:item/font/number/3.png",
      "ascent": 10,
      "height": 24,
      "chars": [
        "\ue001"
      ]
    },
    {
      "type": "bitmap",
      "file": "grappling_hook:item/font/number/4.png",
      "ascent": 10,
      "height": 24,
      "chars": [
        "\ue002"
      ]
    },
    {
      "type": "bitmap",
      "file": "grappling_hook:item/font/number/5.png",
      "ascent": 10,
      "height": 24,
      "chars": [
        "\ue003"
      ]
    },
    {
      "type": "bitmap",
      "file": "grappling_hook:item/font/number/6.png",
      "ascent": 10,
      "height": 24,
      "chars": [
        "\ue004"
      ]
    },
    {
      "type": "bitmap",
      "file": "grappling_hook:item/font/number/7.png",
      "ascent": 10,
      "height": 24,
      "chars": [
        "\ue005"
      ]
    },
    {
      "type": "bitmap",
      "file": "grappling_hook:item/font/number/8.png",
      "ascent": 10,
      "height": 24,
      "chars": [
        "\ue006"
      ]
    },
    {
      "type": "bitmap",
      "file": "grappling_hook:item/font/number/9.png",
      "ascent": 10,
      "height": 24,
      "chars": [
        "\ue007"
      ]
    },
    {
      "type": "bitmap",
      "file": "grappling_hook:item/font/number/10.png",
      "ascent": 10,
      "height": 24,
      "chars": [
        "\ue008"
      ]
    },
    {
      "type": "bitmap",
      "file": "grappling_hook:item/font/number/11.png",
      "ascent": 10,
      "height": 24,
      "chars": [
        "\ue009"
      ]
    },
    {
      "type": "bitmap",
      "file": "grappling_hook:item/font/number/12.png",
      "ascent": 10,
      "height": 24,
      "chars": [
        "\ue00a"
      ]
    },
    {
      "type": "bitmap",
      "file": "grappling_hook:item/font/number/13.png",
      "ascent": 10,
      "height": 24,
      "chars": [
        "\ue00b"
      ]
    },
    {
      "type": "bitmap",
      "file": "grappling_hook:item/font/number/14.png",
      "ascent": 10,
      "height": 24,
      "chars": [
        "\ue00c"
      ]
    },
    {
      "type": "bitmap",
      "file": "grappling_hook:item/font/number/15.png",
      "ascent": 10,
      "height": 24,
      "chars": [
        "\ue00d"
      ]
    },
    {
      "type": "bitmap",
      "file": "grappling_hook:item/font/number/16.png",
      "ascent": 10,
      "height": 24,
      "chars": [
        "\ue00e"
      ]
    },
    {
      "type": "bitmap",
      "file": "grappling_hook:item/font/number/17.png",
      "ascent": 10,
      "height": 24,
      "chars": [
        "\ue00f"
      ]
    },
    {
      "type": "bitmap",
      "file": "grappling_hook:item/font/number/18.png",
      "ascent": 10,
      "height": 24,
      "chars": [
        "\ue010"
      ]
    },
    {
      "type": "bitmap",
      "file": "grappling_hook:item/font/number/19.png",
      "ascent": 10,
      "height": 24,
      "chars": [
        "\ue011"
      ]
    },
    {
      "type": "bitmap",
      "file": "grappling_hook:item/font/number/20.png",
      "ascent": 10,
      "height": 24,
      "chars": [
        "\ue012"
      ]
    },
    {
      "type": "bitmap",
      "file": "grappling_hook:item/font/number/21.png",
      "ascent": 10,
      "height": 24,
      "chars": [
        "\ue013"
      ]
    },
    {
      "type": "bitmap",
      "file": "grappling_hook:item/font/number/22.png",
      "ascent": 10,
      "height": 24,
      "chars": [
        "\ue014"
      ]
    },
    {
      "type": "bitmap",
      "file": "grappling_hook:item/font/number/23.png",
      "ascent": 10,
      "height": 24,
      "chars": [
        "\ue015"
      ]
    },
    {
      "type": "bitmap",
      "file": "grappling_hook:item/font/number/24.png",
      "ascent": 10,
      "height": 24,
      "chars": [
        "\ue016"
      ]
    },
    {
      "type": "bitmap",
      "file": "grappling_hook:item/font/number/25.png",
      "ascent": 10,
      "height": 24,
      "chars": [
        "\ue017"
      ]
    },
    {
      "type": "bitmap",
      "file": "grappling_hook:item/font/number/26.png",
      "ascent": 10,
      "height": 24,
      "chars": [
        "\ue018"
      ]
    },
    {
      "type": "bitmap",
      "file": "grappling_hook:item/font/number/27.png",
      "ascent": 10,
      "height": 24,
      "chars": [
        "\ue019"
      ]
    },
    {
      "type": "bitmap",
      "file": "grappling_hook:item/font/number/28.png",
      "ascent": 10,
      "height": 24,
      "chars": [
        "\ue01a"
      ]
    },
    {
      "type": "bitmap",
      "file": "grappling_hook:item/font/number/29.png",
      "ascent": 10,
      "height": 24,
      "chars": [
        "\ue01b"
      ]
    },
    {
      "type": "bitmap",
      "file": "grappling_hook:item/font/number/30.png",
      "ascent": 10,
      "height": 24,
      "chars": [
        "\ue01c"
      ]
    },
    {
      "type": "bitmap",
      "file": "grappling_hook:item/font/number/31.png",
      "ascent": 10,
      "height": 24,
      "chars": [
        "\ue01d"
      ]
    },
    {
      "type": "bitmap",
      "file": "grappling_hook:item/font/number/32.png",
      "ascent": 10,
      "height": 24,
      "chars": [
        "\ue01e"
      ]
    },
    {
      "type": "bitmap",
      "file": "grappling_hook:item/font/number/33.png",
      "ascent": 10,
      "height": 24,
      "chars": [
        "\ue01f"
      ]
    },
    {
      "type": "bitmap",
      "file": "grappling_hook:item/font/number/34.png",
      "ascent": 10,
      "height": 24,
      "chars": [
        "\ue020"
      ]
    },
    {
      "type": "bitmap",
      "file": "grappling_hook:item/font/number/35.png",
      "ascent": 10,
      "height": 24,
      "chars": [
        "\ue021"
      ]
    },
    {
      "type": "bitmap",
      "file": "grappling_hook:item/font/number/36.png",
      "ascent": 10,
      "height": 24,
      "chars": [
        "\ue022"
      ]
    },
    {
      "type": "bitmap",
      "file": "grappling_hook:item/font/number/37.png",
      "ascent": 10,
      "height": 24,
      "chars": [
        "\ue023"
      ]
    },
    {
      "type": "bitmap",
      "file": "grappling_hook:item/font/number/38.png",
      "ascent": 10,
      "height": 24,
      "chars": [
        "\ue024"
      ]
    },
    {
      "type": "bitmap",
      "file": "grappling_hook:item/font/number/39.png",
      "ascent": 10,
      "height": 24,
      "chars": [
        "\ue025"
      ]
    },
    {
      "type": "bitmap",
      "file": "grappling_hook:item/font/number/40.png",
      "ascent": 10,
      "height": 24,
      "chars": [
        "\ue026"
      ]
    },
    {
      "type": "bitmap",
      "file": "grappling_hook:item/font/number/41.png",
      "ascent": 10,
      "height": 24,
      "chars": [
        "\ue027"
      ]
    },
    {
      "type": "bitmap",
      "file": "grappling_hook:item/font/number/42.png",
      "ascent": 10,
      "height": 24,
      "chars": [
        "\ue028"
      ]
    },
    {
      "type": "bitmap",
      "file": "grappling_hook:item/font/number/43.png",
      "ascent": 10,
      "height": 24,
      "chars": [
        "\ue029"
      ]
    },
    {
      "type": "bitmap",
      "file": "grappling_hook:item/font/number/44.png",
      "ascent": 10,
      "height": 24,
      "chars": [
        "\ue02a"
      ]
    },
    {
      "type": "bitmap",
      "file": "grappling_hook:item/font/number/45.png",
      "ascent": 10,
      "height": 24,
      "chars": [
        "\ue02b"
      ]
    },
    {
      "type": "bitmap",
      "file": "grappling_hook:item/font/number/46.png",
      "ascent": 10,
      "height": 24,
      "chars": [
        "\ue02c"
      ]
    },
    {
      "type": "bitmap",
      "file": "grappling_hook:item/font/number/47.png",
      "ascent": 10,
      "height": 24,
      "chars": [
        "\ue02d"
      ]
    },
    {
      "type": "bitmap",
      "file": "grappling_hook:item/font/number/48.png",
      "ascent": 10,
      "height": 24,
      "chars": [
        "\ue02e"
      ]
    },
    {
      "type": "bitmap",
      "file": "grappling_hook:item/font/number/49.png",
      "ascent": 10,
      "height": 24,
      "chars": [
        "\ue02f"
      ]
    },
    {
      "type": "bitmap",
      "file": "grappling_hook:item/font/number/50.png",
      "ascent": 10,
      "height": 24,
      "chars": [
        "\ue030"
      ]
    },
    {
      "type": "bitmap",
      "file": "grappling_hook:item/font/number/51.png",
      "ascent": 10,
      "height": 24,
      "chars": [
        "\ue031"
      ]
    },
    {
      "type": "bitmap",
      "file": "grappling_hook:item/font/number/52.png",
      "ascent": 10,
      "height": 24,
      "chars": [
        "\ue032"
      ]
    },
    {
      "type": "bitmap",
      "file": "grappling_hook:item/font/number/53.png",
      "ascent": 10,
      "height": 24,
      "chars": [
        "\ue033"
      ]
    },
    {
      "type": "bitmap",
      "file": "grappling_hook:item/font/number/54.png",
      "ascent": 10,
      "height": 24,
      "chars": [
        "\ue034"
      ]
    },
    {
      "type": "bitmap",
      "file": "grappling_hook:item/font/number/55.png",
      "ascent": 10,
      "height": 24,
      "chars": [
        "\ue035"
      ]
    },
    {
      "type": "bitmap",
      "file": "grappling_hook:item/font/number/56.png",
      "ascent": 10,
      "height": 24,
      "chars": [
        "\ue036"
      ]
    },
    {
      "type": "bitmap",
      "file": "grappling_hook:item/font/number/57.png",
      "ascent": 10,
      "height": 24,
      "chars": [
        "\ue037"
      ]
    },
    {
      "type": "bitmap",
      "file": "grappling_hook:item/font/number/58.png",
      "ascent": 10,
      "height": 24,
      "chars": [
        "\ue038"
      ]
    },
    {
      "type": "bitmap",
      "file": "grappling_hook:item/font/number/59.png",
      "ascent": 10,
      "height": 24,
      "chars": [
        "\ue039"
      ]
    },
    {
      "type": "bitmap",
      "file": "grappling_hook:item/font/number/60.png",
      "ascent": 10,
      "height": 24,
      "chars": [
        "\ue03a"
      ]
    },
    {
      "type": "bitmap",
      "file": "grappling_hook:item/font/number/61.png",
      "ascent": 10,
      "height": 24,
      "chars": [
        "\ue03b"
      ]
    },
    {
      "type": "bitmap",
      "file": "grappling_hook:item/font/number/62.png",
      "ascent": 10,
      "height": 24,
      "chars": [
        "\ue03c"
      ]
    },
    {
      "type": "bitmap",
      "file": "grappling_hook:item/font/number/63.png",
      "ascent": 10,
      "height": 24,
      "chars": [
        "\ue03d"
      ]
    },
    {
      "type": "bitmap",
      "file": "grappling_hook:item/font/number/64.png",
      "ascent": 10,
      "height": 24,
      "chars": [
        "\ue03e"
      ]
    },
    {
      "type": "bitmap",
      "file": "grappling_hook:item/font/number/65.png",
      "ascent": 10,
      "height": 24,
      "chars": [
        "\ue03f"
      ]
    },
    {
      "type": "bitmap",
      "file": "grappling_hook:item/font/number/66.png",
      "ascent": 10,
      "height": 24,
      "chars": [
        "\ue040"
      ]
    },
    {
      "type": "bitmap",
      "file": "grappling_hook:item/font/number/67.png",
      "ascent": 10,
      "height": 24,
      "chars": [
        "\ue041"
      ]
    },
    {
      "type": "bitmap",
      "file": "grappling_hook:item/font/number/68.png",
      "ascent": 10,
      "height": 24,
      "chars": [
        "\ue042"
      ]
    },
    {
      "type": "bitmap",
      "file": "grappling_hook:item/font/number/69.png",
      "ascent": 10,
      "height": 24,
      "chars": [
        "\ue043"
      ]
    },
    {
      "type": "bitmap",
      "file": "grappling_hook:item/font/number/70.png",
      "ascent": 10,
      "height": 24,
      "chars": [
        "\ue044"
      ]
    },
    {
      "type": "bitmap",
      "file": "grappling_hook:item/font/number/71.png",
      "ascent": 10,
      "height": 24,
      "chars": [
        "\ue045"
      ]
    },
    {
      "type": "bitmap",
      "file": "grappling_hook:item/font/number/72.png",
      "ascent": 10,
      "height": 24,
      "chars": [
        "\ue046"
      ]
    },
    {
      "type": "bitmap",
      "file": "grappling_hook:item/font/number/73.png",
      "ascent": 10,
      "height": 24,
      "chars": [
        "\ue047"
      ]
    },
    {
      "type": "bitmap",
      "file": "grappling_hook:item/font/number/74.png",
      "ascent": 10,
      "height": 24,
      "chars": [
        "\ue048"
      ]
    },
    {
      "type": "bitmap",
      "file": "grappling_hook:item/font/number/75.png",
      "ascent": 10,
      "height": 24,
      "chars": [
        "\ue049"
      ]
    },
    {
      "type": "bitmap",
      "file": "grappling_hook:item/font/number/76.png",
      "ascent": 10,
      "height": 24,
      "chars": [
        "\ue04a"
      ]
    },
    {
      "type": "bitmap",
      "file": "grappling_hook:item/font/number/77.png",
      "ascent": 10,
      "height": 24,
      "chars": [
        "\ue04b"
      ]
    },
    {
      "type": "bitmap",
      "file": "grappling_hook:item/font/number/78.png",
      "ascent": 10,
      "height": 24,
      "chars": [
        "\ue04c"
      ]
    },
    {
      "type": "bitmap",
      "file": "grappling_hook:item/font/number/79.png",
      "ascent": 10,
      "height": 24,
      "chars": [
        "\ue04d"
      ]
    },
    {
      "type": "bitmap",
      "file": "grappling_hook:item/font/number/80.png",
      "ascent": 10,
      "height": 24,
      "chars": [
        "\ue04e"
      ]
    },
    {
      "type": "bitmap",
      "file": "grappling_hook:item/font/number/81.png",
      "ascent": 10,
      "height": 24,
      "chars": [
        "\ue04f"
      ]
    },
    {
      "type": "bitmap",
      "file": "grappling_hook:item/font/number/82.png",
      "ascent": 10,
      "height": 24,
      "chars": [
        "\ue050"
      ]
    },
    {
      "type": "bitmap",
      "file": "grappling_hook:item/font/number/83.png",
      "ascent": 10,
      "height": 24,
      "chars": [
        "\ue051"
      ]
    },
    {
      "type": "bitmap",
      "file": "grappling_hook:item/font/number/84.png",
      "ascent": 10,
      "height": 24,
      "chars": [
        "\ue052"
      ]
    },
    {
      "type": "bitmap",
      "file": "grappling_hook:item/font/number/85.png",
      "ascent": 10,
      "height": 24,
      "chars": [
        "\ue053"
      ]
    },
    {
      "type": "bitmap",
      "file": "grappling_hook:item/font/number/86.png",
      "ascent": 10,
      "height": 24,
      "chars": [
        "\ue054"
      ]
    },
    {
      "type": "bitmap",
      "file": "grappling_hook:item/font/number/87.png",
      "ascent": 10,
      "height": 24,
      "chars": [
        "\ue055"
      ]
    },
    {
      "type": "bitmap",
      "file": "grappling_hook:item/font/number/88.png",
      "ascent": 10,
      "height": 24,
      "chars": [
        "\ue056"
      ]
    },
    {
      "type": "bitmap",
      "file": "grappling_hook:item/font/number/89.png",
      "ascent": 10,
      "height": 24,
      "chars": [
        "\ue057"
      ]
    },
    {
      "type": "bitmap",
      "file": "grappling_hook:item/font/number/90.png",
      "ascent": 10,
      "height": 24,
      "chars": [
        "\ue058"
      ]
    },
    {
      "type": "bitmap",
      "file": "grappling_hook:item/font/number/91.png",
      "ascent": 10,
      "height": 24,
      "chars": [
        "\ue059"
      ]
    },
    {
      "type": "bitmap",
      "file": "grappling_hook:item/font/number/92.png",
      "ascent": 10,
      "height": 24,
      "chars": [
        "\ue05a"
      ]
    },
    {
      "type": "bitmap",
      "file": "grappling_hook:item/font/number/93.png",
      "ascent": 10,
      "height": 24,
      "chars": [
        "\ue05b"
      ]
    },
    {
      "type": "bitmap",
      "file": "grappling_hook:item/font/number/94.png",
      "ascent": 10,
      "height": 24,
      "chars": [
        "\ue05c"
      ]
    },
    {
      "type": "bitmap",
      "file": "grappling_hook:item/font/number/95.png",
      "ascent": 10,
      "height": 24,
      "chars": [
        "\ue05d"
      ]
    },
    {
      "type": "bitmap",
      "file": "grappling_hook:item/font/number/96.png",
      "ascent": 10,
      "height": 24,
      "chars": [
        "\ue05e"
      ]
    },
    {
      "type": "bitmap",
      "file": "grappling_hook:item/font/number/97.png",
      "ascent": 10,
      "height": 24,
      "chars": [
        "\ue05f"
      ]
    },
    {
      "type": "bitmap",
      "file": "grappling_hook:item/font/number/98.png",
      "ascent": 10,
      "height": 24,
      "chars": [
        "\ue060"
      ]
    },
    {
      "type": "bitmap",
      "file": "grappling_hook:item/font/number/99.png",
      "ascent": 10,
      "height": 24,
      "chars": [
        "\ue061"
      ]
    },
    {
      "type": "bitmap",
      "file": "grappling_hook:render/grappling_hook/item/basic_grappling_hook.png",
      "ascent": 8,
      "height": 16,
      "chars": [
        "\ue062"
      ]
    },
    {
      "type": "bitmap",
      "file": "grappling_hook:render/grappling_hook/item/basic_grappling_hook.png",
      "ascent": 7,
      "height": 16,
      "chars": [
        "\ue063"
      ]
    },
    {
      "type": "bitmap",
      "file": "grappling_hook:render/grappling_hook/item/basic_grappling_hook.png",
      "ascent": 6,
      "height": 16,
      "chars": [
        "\ue064"
      ]
    },
    {
      "type": "bitmap",
      "file": "grappling_hook:render/grappling_hook/item/normal_grappling_hook.png",
      "ascent": 8,
      "height": 16,
      "chars": [
        "\ue066"
      ]
    },
    {
      "type": "bitmap",
      "file": "grappling_hook:render/grappling_hook/item/normal_grappling_hook.png",
      "ascent": 7,
      "height": 16,
      "chars": [
        "\ue067"
      ]
    },
    {
      "type": "bitmap",
      "file": "grappling_hook:render/grappling_hook/item/normal_grappling_hook.png",
      "ascent": 6,
      "height": 16,
      "chars": [
        "\ue068"
      ]
    },
    {
      "type": "bitmap",
      "file": "grappling_hook:render/grappling_hook/item/advanced_grappling_hook.png",
      "ascent": 8,
      "height": 16,
      "chars": [
        "\ue06a"
      ]
    },
    {
      "type": "bitmap",
      "file": "grappling_hook:render/grappling_hook/item/advanced_grappling_hook.png",
      "ascent": 7,
      "height": 16,
      "chars": [
        "\ue06b"
      ]
    },
    {
      "type": "bitmap",
      "file": "grappling_hook:render/grappling_hook/item/advanced_grappling_hook.png",
      "ascent": 6,
      "height": 16,
      "chars": [
        "\ue06c"
      ]
    },
    {
      "type": "bitmap",
      "file": "grappling_hook:render/grappling_hook/item/guide.png",
      "ascent": 8,
      "height": 16,
      "chars": [
        "\ue06e"
      ]
    },
    {
      "type": "bitmap",
      "file": "grappling_hook:render/grappling_hook/item/guide.png",
      "ascent": 7,
      "height": 16,
      "chars": [
        "\ue06f"
      ]
    },
    {
      "type": "bitmap",
      "file": "grappling_hook:render/grappling_hook/item/guide.png",
      "ascent": 6,
      "height": 16,
      "chars": [
        "\ue070"
      ]
    },
    {
      "type": "bitmap",
      "file": "grappling_hook:render/smithed.crafter/item/table.png",
      "ascent": 8,
      "height": 16,
      "chars": [
        "\ue072"
      ]
    },
    {
      "type": "bitmap",
      "file": "grappling_hook:render/smithed.crafter/item/table.png",
      "ascent": 7,
      "height": 16,
      "chars": [
        "\ue073"
      ]
    },
    {
      "type": "bitmap",
      "file": "grappling_hook:render/smithed.crafter/item/table.png",
      "ascent": 6,
      "height": 16,
      "chars": [
        "\ue074"
      ]
    },
    {
      "type": "bitmap",
      "file": "grappling_hook:render/minecraft/item/crossbow.png",
      "ascent": 8,
      "height": 16,
      "chars": [
        "\ue076"
      ]
    },
    {
      "type": "bitmap",
      "file": "grappling_hook:render/minecraft/item/crossbow.png",
      "ascent": 7,
      "height": 16,
      "chars": [
        "\ue077"
      ]
    },
    {
      "type": "bitmap",
      "file": "grappling_hook:render/minecraft/item/crossbow.png",
      "ascent": 6,
      "height": 16,
      "chars": [
        "\ue078"
      ]
    },
    {
      "type": "bitmap",
      "file": "grappling_hook:render/minecraft/item/lead.png",
      "ascent": 8,
      "height": 16,
      "chars": [
        "\ue07a"
      ]
    },
    {
      "type": "bitmap",
      "file": "grappling_hook:render/minecraft/item/lead.png",
      "ascent": 7,
      "height": 16,
      "chars": [
        "\ue07b"
      ]
    },
    {
      "type": "bitmap",
      "file": "grappling_hook:render/minecraft/item/lead.png",
      "ascent": 6,
      "height": 16,
      "chars": [
        "\ue07c"
      ]
    },
    {
      "type": "bitmap",
      "file": "grappling_hook:render/minecraft/item/cobblestone.png",
      "ascent": 8,
      "height": 16,
      "chars": [
        "\ue07e"
      ]
    },
    {
      "type": "bitmap",
      "file": "grappling_hook:render/minecraft/item/cobblestone.png",
      "ascent": 7,
      "height": 16,
      "chars": [
        "\ue07f"
      ]
    },
    {
      "type": "bitmap",
      "file": "grappling_hook:render/minecraft/item/cobblestone.png",
      "ascent": 6,
      "height": 16,
      "chars": [
        "\ue080"
      ]
    },
    {
      "type": "bitmap",
      "file": "grappling_hook:render/minecraft/item/slime_ball.png",
      "ascent": 8,
      "height": 16,
      "chars": [
        "\ue082"
      ]
    },
    {
      "type": "bitmap",
      "file": "grappling_hook:render/minecraft/item/slime_ball.png",
      "ascent": 7,
      "height": 16,
      "chars": [
        "\ue083"
      ]
    },
    {
      "type": "bitmap",
      "file": "grappling_hook:render/minecraft/item/slime_ball.png",
      "ascent": 6,
      "height": 16,
      "chars": [
        "\ue084"
      ]
    },
    {
      "type": "bitmap",
      "file": "grappling_hook:render/minecraft/item/slime_block.png",
      "ascent": 8,
      "height": 16,
      "chars": [
        "\ue086"
      ]
    },
    {
      "type": "bitmap",
      "file": "grappling_hook:render/minecraft/item/slime_block.png",
      "ascent": 7,
      "height": 16,
      "chars": [
        "\ue087"
      ]
    },
    {
      "type": "bitmap",
      "file": "grappling_hook:render/minecraft/item/slime_block.png",
      "ascent": 6,
      "height": 16,
      "chars": [
        "\ue088"
      ]
    },
    {
      "type": "bitmap",
      "file": "grappling_hook:render/minecraft/item/diamond.png",
      "ascent": 8,
      "height": 16,
      "chars": [
        "\ue08a"
      ]
    },
    {
      "type": "bitmap",
      "file": "grappling_hook:render/minecraft/item/diamond.png",
      "ascent": 7,
      "height": 16,
      "chars": [
        "\ue08b"
      ]
    },
    {
      "type": "bitmap",
      "file": "grappling_hook:render/minecraft/item/diamond.png",
      "ascent": 6,
      "height": 16,
      "chars": [
        "\ue08c"
      ]
    },
    {
      "type": "bitmap",
      "file": "grappling_hook:render/minecraft/item/elytra.png",
      "ascent": 8,
      "height": 16,
      "chars": [
        "\ue08e"
      ]
    },
    {
      "type": "bitmap",
      "file": "grappling_hook:render/minecraft/item/elytra.png",
      "ascent": 7,
      "height": 16,
      "chars": [
        "\ue08f"
      ]
    },
    {
      "type": "bitmap",
      "file": "grappling_hook:render/minecraft/item/elytra.png",
      "ascent": 6,
      "height": 16,
      "chars": [
        "\ue090"
      ]
    },
    {
      "type": "bitmap",
      "file": "grappling_hook:render/minecraft/item/obsidian.png",
      "ascent": 8,
      "height": 16,
      "chars": [
        "\ue092"
      ]
    },
    {
      "type": "bitmap",
      "file": "grappling_hook:render/minecraft/item/obsidian.png",
      "ascent": 7,
      "height": 16,
      "chars": [
        "\ue093"
      ]
    },
    {
      "type": "bitmap",
      "file": "grappling_hook:render/minecraft/item/obsidian.png",
      "ascent": 6,
      "height": 16,
      "chars": [
        "\ue094"
      ]
    },
    {
      "type": "bitmap",
      "file": "grappling_hook:render/minecraft/item/book.png",
      "ascent": 8,
      "height": 16,
      "chars": [
        "\ue096"
      ]
    },
    {
      "type": "bitmap",
      "file": "grappling_hook:render/minecraft/item/book.png",
      "ascent": 7,
      "height": 16,
      "chars": [
        "\ue097"
      ]
    },
    {
      "type": "bitmap",
      "file": "grappling_hook:render/minecraft/item/book.png",
      "ascent": 6,
      "height": 16,
      "chars": [
        "\ue098"
      ]
    },
    {
      "type": "bitmap",
      "file": "grappling_hook:render/minecraft/item/redstone.png",
      "ascent": 8,
      "height": 16,
      "chars": [
        "\ue09a"
      ]
    },
    {
      "type": "bitmap",
      "file": "grappling_hook:render/minecraft/item/redstone.png",
      "ascent": 7,
      "height": 16,
      "chars": [
        "\ue09b"
      ]
    },
    {
      "type": "bitmap",
      "file": "grappling_hook:render/minecraft/item/redstone.png",
      "ascent": 6,
      "height": 16,
      "chars": [
        "\ue09c"
      ]
    },
    {
      "type": "bitmap",
      "file": "grappling_hook:render/minecraft/item/oak_log.png",
      "ascent": 8,
      "height": 16,
      "chars": [
        "\ue09e"
      ]
    },
    {
      "type": "bitmap",
      "file": "grappling_hook:render/minecraft/item/oak_log.png",
      "ascent": 7,
      "height": 16,
      "chars": [
        "\ue09f"
      ]
    },
    {
      "type": "bitmap",
      "file": "grappling_hook:render/minecraft/item/oak_log.png",
      "ascent": 6,
      "height": 16,
      "chars": [
        "\ue0a0"
      ]
    },
    {
      "type": "bitmap",
      "file": "grappling_hook:render/minecraft/item/crafting_table.png",
      "ascent": 8,
      "height": 16,
      "chars": [
        "\ue0a2"
      ]
    },
    {
      "type": "bitmap",
      "file": "grappling_hook:render/minecraft/item/crafting_table.png",
      "ascent": 7,
      "height": 16,
      "chars": [
        "\ue0a3"
      ]
    },
    {
      "type": "bitmap",
      "file": "grappling_hook:render/minecraft/item/crafting_table.png",
      "ascent": 6,
      "height": 16,
      "chars": [
        "\ue0a4"
      ]
    },
    {
      "type": "bitmap",
      "file": "grappling_hook:render/minecraft/item/smooth_stone.png",
      "ascent": 8,
      "height": 16,
      "chars": [
        "\ue0a6"
      ]
    },
    {
      "type": "bitmap",
      "file": "grappling_hook:render/minecraft/item/smooth_stone.png",
      "ascent": 7,
      "height": 16,
      "chars": [
        "\ue0a7"
      ]
    },
    {
      "type": "bitmap",
      "file": "grappling_hook:render/minecraft/item/smooth_stone.png",
      "ascent": 6,
      "height": 16,
      "chars": [
        "\ue0a8"
      ]
    }
  ]
}
