{
  "pools": [
    {
      "rolls": 1,
      "entries": [
        {
          "type": "minecraft:item",
          "weight": 1,
          "functions": [
            {
              "function": "minecraft:set_nbt",
              "tag": "{Potion:\"minecraft:mundane\",CustomPotionColor:3126434,HideFlags:32,tcc:{id:\"tea\",tea:{id:\"amenable\",extended:0b}},CustomModelData:330001}"
            },
            {
              "function": "minecraft:set_name",
              "name": {
                "translate": "item.tcc.amenable_tea",
                "italic": false
              }
            },
            {
              "function": "minecraft:set_lore",
              "lore": [
                {
                  "translate": "effect.none",
                  "color": "gray",
                  "italic": false
                },
                {
                  "translate": "pack.tcc",
                  "color": "#008725",
                  "italic": true
                }
              ]
            }
          ],
          "name": "minecraft:potion"
        }
      ]
    }
  ]
}