{
  "parent": "minecraft:item/bow",
  "textures": {
    "layer0": "switch:item/stardust_bow"
  },
  "overrides": [
    {
      "predicate": {
        "pulling": 1
      },
      "model": "switch:item/stardust_bow_pulling_0"
    },
    {
      "predicate": {
        "pulling": 1,
        "pull": 0.65
      },
      "model": "switch:item/stardust_bow_pulling_1"
    },
    {
      "predicate": {
        "pulling": 1,
        "pull": 0.9
      },
      "model": "switch:item/stardust_bow_pulling_2"
    }
  ]
}
