{
	"parent": "item/generated",
	"textures": {
		"0": "switch:item/zombie_hands",
		"particle": "switch:item/zombie_hands"
	},
	"credit": "Made with Blockbench",
	"texture_size": [
		64,
		64
	],
	"elements": [
		{
			"from": [
				-16,
				0,
				0
			],
			"to": [
				-11,
				5,
				16
			],
			"faces": {
				"north": {"uv": [4,0,5.25,1.25],"texture": "#0"},
				"east": {"uv": [0,0,4,1.25],"texture": "#0"},
				"south": {"uv": [4,1.25,5.25,2.5],"texture": "#0"},
				"west": {"uv": [0,1.25,4,2.5],"texture": "#0"},
				"up": {"uv": [1.25,6.5,0,2.5],"texture": "#0"},
				"down": {"uv": [2.5,2.5,1.25,6.5],"texture": "#0"}
			}
		},
		{
			"from": [
				11,
				0,
				0
			],
			"to": [
				16,
				5,
				16
			],
			"faces": {
				"north": {"uv": [5,5,6.25,6.25],"texture": "#0"},
				"east": {"uv": [2.5,2.5,6.5,3.75],"texture": "#0"},
				"south": {"uv": [5.25,0,6.5,1.25],"texture": "#0"},
				"west": {"uv": [2.5,3.75,6.5,5],"texture": "#0"},
				"up": {"uv": [3.75,9,2.5,5],"texture": "#0"},
				"down": {"uv": [5,5,3.75,9],"texture": "#0"}
			}
		}
	],
	"display": {
		"thirdperson_righthand": {
			"translation": [
				-6,
				3.25,
				0.25
			],
			"scale": [
				0,
				0,
				0
			]
		},
		"thirdperson_lefthand": {
			"scale": [
				0,
				0,
				0
			]
		},
		"firstperson_righthand": {
			"translation": [
				0.25,
				0,
				-3
			]
		},
		"firstperson_lefthand": {
			"translation": [
				-17.5,
				0,
				0
			]
		},
		"gui": {
			"translation": [
				-0.25,
				0,
				0
			],
			"scale": [
				0,
				0,
				0
			]
		}
	}
}
