{
  "parent": "tcc:technical/root",
  "criteria": {
    "die": {
      "trigger": "minecraft:entity_hurt_player",
      "conditions": {
        "player": [
          {
            "condition": "minecraft:entity_scores",
            "entity": "this",
            "scores": {
              "tcc.tea": {
                "min": 1
              }
            }
          },
          {
            "condition": "minecraft:entity_properties",
            "entity": "this",
            "predicate": {
              "nbt": "{Health:0f}"
            }
          }
        ]
      }
    },
    "drink_milk": {
      "trigger": "minecraft:consume_item",
      "conditions": {
        "player": [
          {
            "condition": "minecraft:entity_scores",
            "entity": "this",
            "scores": {
              "tcc.tea": {
                "min": 1
              }
            }
          }
        ],
        "item": {
          "items": [
            "minecraft:milk_bucket"
          ]
        }
      }
    }
  },
  "requirements": [
    [
      "die",
      "drink_milk"
    ]
  ],
  "rewards": {
    "function": "tcc:item/tea/stop"
  }
}
