{
  "criteria": {
    "diamond": {
      "trigger": "minecraft:entity_hurt_player",
      "conditions": {
        "player": [
          {
            "condition": "minecraft:reference",
            "name": "tcc:entity/holding/ring/diamond"
          }
        ]
      }
    },
    "prismarine_crystal": {
      "trigger": "minecraft:player_hurt_entity",
      "conditions": {
        "damage": {
          "type": {
            "is_magic": false,
            "is_projectile": false,
            "blocked": false
          }
        },
        "player": [
          {
            "condition": "minecraft:reference",
            "name": "tcc:entity/holding/ring/prismarine_crystal"
          }
        ]
      }
    },
    "quartz": {
      "trigger": "minecraft:player_hurt_entity",
      "conditions": {
        "damage": {
          "type": {
            "is_magic": false,
            "blocked": false
          }
        },
        "player": [
          {
            "condition": "minecraft:reference",
            "name": "tcc:entity/holding/ring/quartz"
          }
        ]
      }
    }
  },
  "requirements": [
    [
      "diamond",
      "prismarine_crystal",
      "quartz"
    ]
  ],
  "rewards": {
    "function": "tcc:item/ring/generic_damage"
  },
  "parent": "tcc:technical/root"
}
