{
  "parent": "tcc:technical/root",
  "criteria": {
    "interact": {
      "trigger": "minecraft:player_interacted_with_entity",
      "conditions": {
        "item": {
          "items": [
            "minecraft:gold_ingot"
          ]
        },
        "entity": [
          {
            "condition": "minecraft:entity_properties",
            "predicate": {
              "type": "minecraft:piglin",
              "flags": {
                "is_baby": false
              }
            },
            "entity": "this"
          }
        ]
      }
    },
    "throw": {
      "trigger": "minecraft:thrown_item_picked_up_by_entity",
      "conditions": {
        "item": {
          "tag": "minecraft:piglin_loved"
        },
        "entity": [
          {
            "condition": "minecraft:entity_properties",
            "predicate": {
              "type": "minecraft:piglin",
              "flags": {
                "is_baby": false
              }
            },
            "entity": "this"
          }
        ]
      }
    }
  },
  "requirements": [
    [
      "interact",
      "throw"
    ]
  ],
  "rewards": {
    "function": "tcc:entity/piglin/trading/set_score"
  }
}
