{
  "type": "minecraft:blasting",
  "ingredient": "minecraft:furnace",
  "result": {
    "id": "minecraft:command_block",
    "count": 1,
    "components": {
      "minecraft:custom_data": {
        "smithed": {
          "dict": {
            "awakened_stardust": {
              "awakened_stardust": true
            }
          },
          "ignore": {
            "functionality": true,
            "crafting": true
          }
        },
        "switch": {
          "awakened_stardust": true
        }
      },
      "minecraft:item_model": "switch:awakened_stardust",
      "minecraft:item_name": {
        "text": "Awakened Stardust",
        "italic": false,
        "color": "white"
      },
      "minecraft:lore": [
        [
          "",
          {
            "text": "I",
            "color": "white",
            "italic": false,
            "font": "switch:icons"
          },
          {
            "text": " Switch",
            "italic": true,
            "color": "blue"
          }
        ]
      ]
    }
  },
  "experience": 0.8,
  "cookingtime": 100
}
