{
  "type": "minecraft:smelting",
  "ingredient": "minecraft:leather_chestplate",
  "result": {
    "id": "minecraft:command_block",
    "count": 1,
    "components": {
      "minecraft:custom_data": {
        "smithed": {
          "dict": {
            "nugget": {
              "steel": true
            }
          },
          "ignore": {
            "functionality": true,
            "crafting": true
          }
        },
        "switch": {
          "steel_nugget": true
        }
      },
      "minecraft:item_model": "switch:steel_nugget",
      "minecraft:item_name": "{\"text\": \"Steel Nugget\", \"italic\": false, \"color\": \"white\"}",
      "minecraft:lore": [
        "[\"\", {\"text\": \"I\", \"color\": \"white\", \"italic\": false, \"font\": \"switch:icons\"}, {\"text\": \" Switch\", \"italic\": true, \"color\": \"blue\"}]"
      ]
    }
  },
  "experience": 0.8,
  "cookingtime": 200
}
