{
  "type": "minecraft:smelting",
  "ingredient": "minecraft:leather_boots",
  "result": {
    "id": "minecraft:command_block",
    "count": 1,
    "components": {
      "minecraft:custom_data": {
        "smithed": {
          "dict": {
            "nugget": {
              "californium": true
            }
          },
          "ignore": {
            "functionality": true,
            "crafting": true
          }
        },
        "switch": {
          "californium_nugget": true
        }
      },
      "minecraft:item_model": "switch:californium_nugget",
      "minecraft:item_name": "{\"text\": \"Californium Nugget\", \"italic\": false, \"color\": \"white\"}",
      "minecraft:lore": [
        "{\"text\": \"Switch\", \"italic\": true, \"color\": \"blue\"}"
      ]
    }
  },
  "experience": 0.8,
  "cookingtime": 200
}
