{
	"display": {
		"icon": { "item": "minecraft:command_block", "nbt": "{CustomModelData:2013013}" },
		"title": { "text": "Another way to use it", "color": "aqua" },
		"description": { "text": "Compact your first Stardust Fragment", "color": "green" },
		"frame": "task",
		"show_toast": true,
		"announce_to_chat": true,
		"hidden": false
	},
	"parent": "stardust:visible/stardust_fragment",
	"criteria": { "requirement": {
		"trigger": "minecraft:inventory_changed",
		"conditions": { "items": [{
			"tag": "stardust:items",
			"nbt": "{stardust:{compacted_stardust:1b}}"
		}]}
	}}
}
