{
  "type": "minecraft:block",
  "pools": [
    {
      "rolls": 1,
      "entries": [
        {
          "type": "minecraft:alternatives",
          "children": [
             {
              "type": "minecraft:item",
              "name": "minecraft:lapis_lazuli",
              "functions": [
                {
                  "function": "minecraft:set_count",
                  "count": {
                    "min": 4,
                    "max": 9
                  },
                  "add": false
                },
                {
                  "function": "minecraft:apply_bonus",
                  "enchantment": "minecraft:fortune",
                  "formula": "minecraft:ore_drops"
                },
                {
                  "function": "minecraft:explosion_decay"
                },
                {
                  "function": "minecraft:set_nbt",
                  "tag": "{CustomEnchantments:{VeinMinerItemBreak:1}}"
                }
              ],
              "conditions": [
                {
                  "condition": "minecraft:match_tool",
                  "predicate": {
                    "nbt": "{CustomEnchantments:[{id:\"VeinMiner\"}]}",
                    "enchantments": [
                      {
                        "enchantment": "minecraft:fortune",
                        "levels": {
                          "min": 1
                        }
                      }
                    ]
                  }
                }
              ]
            },
            {
              "type": "minecraft:item",
              "conditions": [
                {
                  "condition": "minecraft:match_tool",
                  "predicate": {
                    "enchantments": [
                      {
                        "enchantment": "minecraft:silk_touch",
                        "levels": {
                          "min": 1
                        }
                      }
                    ],
                   "nbt": "{CustomEnchantments:[{id:\"VeinMiner\"}]}"
                  }
                }
              ],
              "functions": [
                {
                  "function": "set_nbt",
                  "tag": "{CustomEnchantments:{VeinMinerItemBreak:1}}"
                }
              ],  
              "name": "minecraft:deepslate_lapis_ore"
            },
            {
              "type": "minecraft:item",
              "name": "minecraft:lapis_lazuli",
              "functions": [
                {
                  "function": "minecraft:set_count",
                  "count": {
                    "min": 4,
                    "max": 9
                  },
                  "add": false
                },
                {
                  "function": "minecraft:explosion_decay"
                },
                {
                  "function": "minecraft:set_nbt",
                  "tag": "{CustomEnchantments:{VeinMinerItemBreak:1}}"
                }
              ],
              "conditions": [
                {
                  "condition": "minecraft:match_tool",
                  "predicate": {
                    "nbt": "{CustomEnchantments:[{id:\"VeinMiner\"}]}"
                  }
                }
              ]
            },
            {
              "type": "minecraft:item",
              "name": "minecraft:lapis_lazuli",
              "functions": [
                {
                  "function": "minecraft:apply_bonus",
                  "enchantment": "minecraft:fortune",
                  "formula": "minecraft:ore_drops"
                },
                {
                  "function": "minecraft:set_count",
                  "count": {
                    "min": 4,
                    "max": 9
                  },
                  "add": false
                },
                {
                  "function": "minecraft:explosion_decay"
                },
                {
                  "function": "minecraft:set_nbt",
                  "tag": "{CustomEnchantments:{MiningPlusItembreak:1,MiningPlusItembreakFortune:1}}"
                }
              ],
              "conditions": [
                {
                  "condition": "minecraft:match_tool",
                  "predicate": {
                    "nbt": "{CustomEnchantments:[{id:\"MiningPlus\"}]}",
                    "enchantments": [
                      {
                        "enchantment": "minecraft:fortune",
                        "levels": {
                          "min": 1
                        }
                      }
                    ] 
                  }
                }
              ]
            },
            {
              "type": "minecraft:item",
              "conditions": [
                {
                  "condition": "minecraft:match_tool",
                  "predicate": {
                    "enchantments": [
                      {
                        "enchantment": "minecraft:silk_touch",
                        "levels": {
                          "min": 1
                        }
                      }
                    ],
                   "nbt": "{CustomEnchantments:[{id:\"MiningPlus\"}]}"
                  }
                }
              ],
              "functions": [
                {
                  "function": "set_nbt",
                  "tag": "{CustomEnchantments:{MiningPlusItembreak:1,MiningPlusItembreakDeepOre:1}}"
                }
              ],  
              "name": "minecraft:deepslate_lapis_ore"
            },
            {
              "type": "minecraft:item",
              "name": "minecraft:lapis_lazuli",
              "functions": [
                {
                  "function": "minecraft:set_count",
                  "count": {
                    "min": 4,
                    "max": 9
                  },
                  "add": false
                },
                {
                  "function": "minecraft:explosion_decay"
                },
                {
                  "function": "minecraft:set_nbt",
                  "tag": "{CustomEnchantments:{MiningPlusItembreak:1,MiningPlusItembreakRaw:1}}"
                }
              ],
              "conditions": [
                {
                  "condition": "minecraft:match_tool",
                  "predicate": {
                    "nbt": "{CustomEnchantments:[{id:\"MiningPlus\"}]}"
                  }
                }
              ]
            },
            {
              "type": "minecraft:item",
              "name": "minecraft:deepslate_lapis_ore",
              "conditions": [
                {
                  "condition": "minecraft:match_tool",
                  "predicate": {
                    "enchantments": [
                      {
                        "enchantment": "minecraft:silk_touch"
                      }
                    ]
                  }
                }
              ]
            },
            {
              "type": "minecraft:item",
              "name": "minecraft:lapis_lazuli",
              "functions": [
                {
                  "function": "minecraft:set_count",
                  "count": {
                    "min": 4,
                    "max": 9
                  },
                  "add": false
                },
                {
                  "function": "minecraft:apply_bonus",
                  "enchantment": "minecraft:fortune",
                  "formula": "minecraft:ore_drops"
                },
                {
                  "function": "minecraft:explosion_decay"
                }
              ]
            }
          ]
        }
      ]
    }
  ]
}