{
  "pools": [{
    "rolls": 1,
    "entries": [{
      "type": "minecraft:item",
      "weight": 1,
      "functions": [{
          "function": "set_nbt",
          "tag": "{CustomModelData:330000,tcc:{id:\"bat_wing\"}}"
        },
        {
          "function": "minecraft:set_name",
          "name": {
            "translate": "item.tcc.bat_wing",
            "italic": false
          }
        },
        {
          "function": "minecraft:set_lore",
          "lore": [{
            "translate": "pack.tcc",
            "color": "#008725",
            "italic": true
          }]
        }
      ],
      "name": "minecraft:rabbit_hide"
    }]
  }]
}