{
  "pools": [{
    "rolls": 1,
    "entries": [{
      "type": "minecraft:item",
      "weight": 1,
      "functions": [{
          "function": "minecraft:set_nbt",
          "tag": "{tcc:{id:\"golden_chorus_fruit\"},CustomModelData:330005}"
        },
        {
          "function": "minecraft:set_name",
          "name": {
            "translate": "item.tcc.golden_chorus_fruit",
            "color": "aqua",
            "italic": false
          }
        },
        {
          "function": "minecraft:set_lore",
          "lore": [{
            "translate": "pack.tcc",
            "color": "#008725",
            "italic": true
          }]
        }
      ],
      "name": "minecraft:chorus_fruit"
    }]
  }]
}