{
  "pools": [
    {
      "rolls": 1,
      "entries": [
        {
          "type": "minecraft:item",
          "weight": 1,
          "functions": [
            {
              "function": "minecraft:set_nbt",
              "tag": "{RepairCost:100,HideFlags:5,tcc:{id:\"locket_of_learning\",stored_points:0},CustomModelData:330026,Unbreakable:1b}"
            },
            {
              "function": "minecraft:set_name",
              "name": {
                "translate": "item.tcc.locket_of_learning",
                "color": "yellow",
                "italic": false
              }
            },
            {
              "function": "minecraft:set_lore",
              "lore": [
                {
                  "translate": "item.tcc.locket_of_learning.lore",
                  "with": [
                    0,
                    1395
                  ],
                  "color": "gray",
                  "italic": false
                },
                {
                  "translate": "pack.tcc",
                  "color": "#008725",
                  "italic": true
                }
              ]
            }
          ],
          "name": "minecraft:carrot_on_a_stick"
        }
      ]
    }
  ]
}
