{
  "pools": [
    {
      "rolls": 1,
      "entries": [
        {
          "type": "minecraft:item",
          "weight": 1,
          "functions": [
            {
              "function": "minecraft:set_nbt",
              "tag": "{HideFlags:4,Unbreakable:1b,tcc:{id:\"molten_mirror\",durability:[20,20],repaired:1b},CustomModelData:330003}"
            },
            {
              "function": "minecraft:set_name",
              "name": {
                "translate": "item.tcc.molten_mirror",
                "italic": false
              }
            },
            {
              "function": "minecraft:set_lore",
              "lore": [
                {
                  "translate": "item.durability",
                  "color": "gray",
                  "italic": false,
                  "with": [
                    20,
                    20
                  ]
                },
                {
                  "translate": "pack.tcc",
                  "color": "#008725",
                  "italic": true
                }
              ]
            }
          ],
          "name": "minecraft:carrot_on_a_stick"
        }
      ]
    }
  ]
}
