{
  "pools": [
    {
      "rolls": 1,
      "entries": [
        {
          "type": "minecraft:item",
          "weight": 1,
          "name": "minecraft:map",
          "functions": [
            {
              "function": "minecraft:exploration_map",
              "destination": "tcc:swampland_explorer_map_located",
              "decoration": "red_x",
              "zoom": 2,
              "search_radius": 50,
              "skip_existing_chunks": true
            },
            {
              "function": "minecraft:set_name",
              "name": {
                "translate": "item.tcc.swampland_explorer_map",
                "italic": false
              }
            },
            {
              "function": "minecraft:set_nbt",
              "tag": "{display:{MapColor:9255680},tcc:{id:\"swampland_explorer_map\"}}"
            },
            {
              "function": "minecraft:set_lore",
              "lore": [
                {
                  "translate": "pack.tcc",
                  "color": "#008725",
                  "italic": true
                }
              ]
            }
          ]
        }
      ]
    }
  ]
}