{
  "pools": [
    {
      "rolls": 1,
      "entries": [
        {
          "type": "minecraft:item",
          "weight": 1,
          "functions": [
            {
              "function": "minecraft:set_nbt",
              "tag": "{HideFlags:2,tcc:{id:\"swordfish\"},CustomModelData:330000}"
            },
            {
              "function": "minecraft:set_name",
              "name": {
                "translate": "item.tcc.swordfish",
                "italic": false
              }
            },
            {
              "function": "minecraft:set_lore",
              "lore": [
                {
                  "translate": "pack.tcc",
                  "color": "#008725",
                  "italic": true
                },
                "",
                {
                  "translate": "item.modifiers.mainhand",
                  "color": "gray",
                  "italic": false
                },
                [
                  " ",
                  {
                    "translate": "attribute.modifier.equals.0",
                    "italic": false,
                    "color": "dark_green",
                    "with": [
                      4,
                      {
                        "translate": "attribute.name.generic.attack_damage"
                      }
                    ]
                  }
                ],
                [
                  " ",
                  {
                    "translate": "attribute.modifier.equals.0",
                    "italic": false,
                    "color": "dark_green",
                    "with": [
                      2,
                      {
                        "translate": "attribute.name.generic.attack_speed"
                      }
                    ]
                  }
                ]
              ]
            },
            {
              "function": "minecraft:set_attributes",
              "modifiers": [
                {
                  "attribute": "generic.attack_damage",
                  "name": "generic.attack_damage",
                  "amount": 4,
                  "operation": "addition",
                  "slot": [
                    "mainhand"
                  ]
                },
                {
                  "attribute": "generic.attack_speed",
                  "name": "generic.attack_speed",
                  "amount": -2,
                  "operation": "addition",
                  "slot": [
                    "mainhand"
                  ]
                }
              ]
            }
          ],
          "name": "minecraft:tropical_fish"
        }
      ]
    }
  ]
}
