{
  "pools": [
    {
      "rolls": 1,
      "entries": [
        {
          "type": "minecraft:item",
          "weight": 1,
          "functions": [
            {
              "function": "minecraft:set_nbt",
              "tag": "{tcc:{id:\"warped_wart\"},CustomModelData:330001}"
            },
            {
              "function": "minecraft:set_name",
              "name": {
                "translate": "item.tcc.warped_wart",
                "color": "white",
                "italic": false
              }
            },
            {
              "function": "minecraft:set_lore",
              "lore": [
                {
                  "translate": "pack.tcc",
                  "color": "#008725",
                  "italic": true
                }
              ]
            }
          ],
          "name": "minecraft:glistering_melon_slice"
        }
      ]
    }
  ]
}