{
  "pools": [
    {
      "rolls": 1,
      "entries": [
        {
          "type": "minecraft:item",
          "weight": 1,
          "functions": [
            {
              "function": "minecraft:set_nbt",
              "tag": "{RepairCost:100,HideFlags:4,Unbreakable:1b,tcc:{id:\"unset_weeping_eye\"},CustomModelData:330006}"
            },
            {
              "function": "minecraft:set_name",
              "name": {
                "translate": "item.tcc.weeping_eye",
                "italic": false
              }
            },
            {
              "function": "minecraft:set_lore",
              "lore": [
                {
                  "translate": "pack.tcc",
                  "color": "#008725",
                  "italic": true
                }
              ]
            }
          ],
          "name": "minecraft:carrot_on_a_stick"
        }
      ]
    }
  ]
}
