{
  "pools": [
    {
      "rolls": 1,
      "entries": [
        {
          "type": "minecraft:item",
          "name": "minecraft:carrot_on_a_stick",
          "functions": [
            {
              "function": "set_nbt",
              "tag": "{Unbreakable:1b,CustomModelData:339601,tcc:{id:\"ring\",ring:{metal:\"minecraft:iron\",gemstone:\"minecraft:quartz\"},repaired:1b,durability:[100,100]},HideFlags:4,display:{Lore:['{\"italic\":false,\"color\":\"gray\",\"translate\":\"item.durability\",\"with\":[\"100\",\"100\"]}','{\"italic\":true,\"color\":\"#008725\",\"translate\":\"pack.tcc\"}'],Name:'{\"translate\":\"item.tcc.ring.minecraft.iron.minecraft.quartz\",\"italic\":false}'},Damage:0,AttributeModifiers:[{Amount:0.1d,Slot:\"offhand\",AttributeName:\"minecraft:generic.attack_damage\",Operation:2,UUID:[I;-2,0,3,3],Name:\"generic.attack_damage\"}]}"
            }
          ]
        }
      ]
    }
  ]
}