{
	"condition": "minecraft:alternative",
	"terms": [
		{
			"condition": "minecraft:entity_properties",
			"entity": "this",
			"predicate": {
				"equipment": {
					"mainhand": {
						"nbt": "{CustomEnchantments:[{}]}"
					}
				}
			}
		},
		{
			"condition": "minecraft:entity_properties",
			"entity": "this",
			"predicate": {
				"equipment": {
					"head": {
						"nbt": "{CustomEnchantments:[{}]}"
					}
				}
			}
		},
		{
			"condition": "minecraft:entity_properties",
			"entity": "this",
			"predicate": {
				"equipment": {
					"chest": {
						"nbt": "{CustomEnchantments:[{}]}"
					}
				}
			}
		},
		{
			"condition": "minecraft:entity_properties",
			"entity": "this",
			"predicate": {
				"equipment": {
					"legs": {
						"nbt": "{CustomEnchantments:[{}]}"
					}
				}
			}
		},
		{
			"condition": "minecraft:entity_properties",
			"entity": "this",
			"predicate": {
				"equipment": {
					"feet": {
						"nbt": "{CustomEnchantments:[{}]}"
					}
				}
			}
		},
		{
			"condition": "minecraft:entity_properties",
			"entity": "this",
			"predicate": {
				"equipment": {
					"offhand": {
						"nbt": "{CustomEnchantments:[{}]}"
					}
				}
			}
		}
	]
}
