{
  "parent": "tcc:technical/root",
  "criteria": {
    "breed": {
      "trigger": "minecraft:player_interacted_with_entity",
      "conditions": {
        "player": [
          {
            "condition": "minecraft:alternative",
            "terms": [
              {
                "condition": "minecraft:entity_properties",
                "entity": "this",
                "predicate": {
                  "equipment": {
                    "mainhand": {
                      "items": [
                        "minecraft:beetroot_soup"
                      ],
                      "count": 1
                    }
                  }
                }
              }
            ]
          }
        ],
        "item": {
          "items": [
            "minecraft:beetroot_soup"
          ]
        },
        "entity": [
          {
            "condition": "minecraft:inverted",
            "term": {
              "condition": "minecraft:entity_properties",
              "entity": "this",
              "predicate": {
                "nbt": "{Tags:[\"tcc.pregnant\"]}"
              }
            }
          },
          {
            "condition": "minecraft:inverted",
            "term": {
              "condition": "minecraft:entity_properties",
              "entity": "this",
              "predicate": {
                "nbt": "{Tags:[\"tcc.in_love\"]}"
              }
            }
          },
          {
            "condition": "minecraft:inverted",
            "term": {
              "condition": "minecraft:entity_properties",
              "entity": "this",
              "predicate": {
                "nbt": "{Tags:[\"tcc.breeding_cooldown\"]}"
              }
            }
          }
        ]
      }
    },
    "bucket": {
      "trigger": "minecraft:player_interacted_with_entity",
      "conditions": {
        "player": [
          {
            "condition": "minecraft:alternative",
            "terms": [
              {
                "condition": "minecraft:entity_properties",
                "entity": "this",
                "predicate": {
                  "equipment": {
                    "mainhand": {
                      "items": [
                        "minecraft:bucket"
                      ],
                      "count": 1
                    }
                  }
                }
              },
              {
                "condition": "minecraft:inverted",
                "term": {
                  "condition": "minecraft:reference",
                  "name": "tcc:entity/full_inventory"
                }
              }
            ]
          }
        ],
        "item": {
          "items": [
            "minecraft:bucket"
          ]
        },
        "entity": {
          "nbt": "{Tags:[\"tcc.snail\"]}"
        }
      }
    },
    "feed": {
      "trigger": "minecraft:player_interacted_with_entity",
      "conditions": {
        "item": {
          "items": [
            "minecraft:beetroot"
          ]
        },
        "entity": [
          {
            "condition": "minecraft:entity_properties",
            "entity": "this",
            "predicate": {
              "nbt": "{Tags:[\"tcc.snail\"]}"
            }
          },
          {
            "condition": "minecraft:inverted",
            "term": {
              "condition": "minecraft:entity_properties",
              "entity": "this",
              "predicate": {
                "nbt": "{Tags:[\"tcc.fed_beetroot\"]}"
              }
            }
          }
        ]
      }
    },
    "name": {
      "trigger": "minecraft:player_interacted_with_entity",
      "conditions": {
        "entity": [
          {
            "condition": "minecraft:entity_properties",
            "entity": "this",
            "predicate": {
              "nbt": "{Tags:[\"tcc.snail\"]}"
            }
          },
          {
            "condition": "minecraft:inverted",
            "term": {
              "condition": "minecraft:entity_properties",
              "entity": "this",
              "predicate": {
                "nbt": "{Tags:[\"tcc.snail.gary\"]}"
              }
            }
          }
        ],
        "item": {
          "items": [
            "minecraft:name_tag"
          ],
          "nbt": "{display:{Name:'{\"text\":\"Gary\"}'}}"
        }
      }
    }
  },
  "requirements": [
    [
      "breed",
      "bucket",
      "feed",
      "name"
    ]
  ],
  "rewards": {
    "function": "tcc:entity/snail/interact/raycast_start"
  }
}