{
	"condition": "minecraft:any_of",
	"terms": [
		{"condition": "minecraft:entity_properties","entity": "this","predicate": {"nbt": "{Tags:[\"switch.vanilla.minecraft_black_concrete\"]}","location": {"block": {"blocks": "minecraft:black_concrete"}}}},
		{"condition": "minecraft:entity_properties","entity": "this","predicate": {"nbt": "{Tags:[\"switch.vanilla.minecraft_diamond_block\"]}","location": {"block": {"blocks": "minecraft:diamond_block"}}}},
		{"condition": "minecraft:entity_properties","entity": "this","predicate": {"nbt": "{Tags:[\"switch.vanilla.minecraft_emerald_block\"]}","location": {"block": {"blocks": "minecraft:emerald_block"}}}},
		{"condition": "minecraft:entity_properties","entity": "this","predicate": {"nbt": "{Tags:[\"switch.vanilla.minecraft_iron_block\"]}","location": {"block": {"blocks": "minecraft:iron_block"}}}},
		{"condition": "minecraft:entity_properties","entity": "this","predicate": {"nbt": "{Tags:[\"switch.vanilla.minecraft_lime_concrete\"]}","location": {"block": {"blocks": "minecraft:lime_concrete"}}}},
		{"condition": "minecraft:entity_properties","entity": "this","predicate": {"nbt": "{Tags:[\"switch.vanilla.minecraft_netherite_block\"]}","location": {"block": {"blocks": "minecraft:netherite_block"}}}},
		{"condition": "minecraft:entity_properties","entity": "this","predicate": {"nbt": "{Tags:[\"switch.vanilla.minecraft_orange_concrete\"]}","location": {"block": {"blocks": "minecraft:orange_concrete"}}}},
		{"condition": "minecraft:entity_properties","entity": "this","predicate": {"nbt": "{Tags:[\"switch.vanilla.minecraft_polished_deepslate\"]}","location": {"block": {"blocks": "minecraft:polished_deepslate"}}}},
		{"condition": "minecraft:entity_properties","entity": "this","predicate": {"nbt": "{Tags:[\"switch.vanilla.minecraft_raw_iron_block\"]}","location": {"block": {"blocks": "minecraft:raw_iron_block"}}}},
		{"condition": "minecraft:entity_properties","entity": "this","predicate": {"nbt": "{Tags:[\"switch.vanilla.minecraft_stone\"]}","location": {"block": {"blocks": "minecraft:stone"}}}}
	]
}
