{
	"pools": [
		{
			"rolls": 1,
			"entries": [
				{
					"type": "minecraft:item",
					"name": "minecraft:warped_fungus_on_a_stick",
					"functions": [
						{
							"function": "minecraft:set_components",
							"components": {
								"minecraft:custom_data": {
									"simplenergy": {"battery_switcher_both": true},
									"smithed": {"ignore": {"functionality": true,"crafting": true}}
								},
								"minecraft:custom_model_data": 2012047,
								"minecraft:item_name": "{'translate':'simplenergy.battery_switcher_both', 'italic': false, 'color': 'white'}",
								"minecraft:lore": [
									"{'translate':'simplenergy', 'italic': true, 'color': 'blue'}"
								]
							}
						}
					]
				}
			]
		}
	]
}
