{
	"pools": [
		{
			"rolls": 1,
			"entries": [
				{
					"type": "minecraft:item",
					"name": "minecraft:warped_fungus_on_a_stick",
					"functions": [
						{
							"function": "minecraft:set_components",
							"components": {
								"minecraft:unbreakable": {
									"show_in_tooltip": false
								},
								"minecraft:lore": [
									"{\"translate\":\"simplenergy.allows_you_to_switch_batteries_states\",\"italic\":false,\"color\":\"gray\"}",
									"{\"translate\":\"simplenergy.input__output__both\",\"italic\":false,\"color\":\"gray\"}",
									"{'translate':'simplenergy', 'italic': true, 'color': 'blue'}"
								],
								"minecraft:custom_model_data": 2012046,
								"minecraft:item_name": "{'translate':'simplenergy.battery_switcher', 'italic': false, 'color': 'white'}",
								"minecraft:custom_data": {
									"simplenergy": {"battery_switcher": true},
									"smithed": {"ignore": {"functionality": true,"crafting": true}}
								}
							}
						}
					]
				}
			]
		}
	]
}
