{
	"pools": [
		{
			"rolls": 1,
			"entries": [
				{
					"type": "minecraft:item",
					"name": "minecraft:player_head",
					"functions": [
						{
							"function": "minecraft:set_components",
							"components": {
								"minecraft:custom_data": {
									"energy": {"transfer": 240},
									"simplenergy": {"elite_cable": true},
									"smithed": {"ignore": {"functionality": true,"crafting": true}}
								},
								"minecraft:lore": [
									"{\"translate\":\"simplenergy.transfer_speed_240_kw\",\"italic\":false,\"color\":\"gray\"}",
									"{'translate':'simplenergy', 'italic': true, 'color': 'blue'}"
								],
								"minecraft:profile": {
									"id": [-709098200,1001541428,-2043264882,-430220135],
									"properties": [{"name": "textures","value": "eyJ0ZXh0dXJlcyI6eyJTS0lOIjp7InVybCI6Imh0dHA6Ly90ZXh0dXJlcy5taW5lY3JhZnQubmV0L3RleHR1cmUvZjlmMzJjOWNkNTU2MzJmNjEzZjRhMDU2ZGEyYzJhYTkzZjMwOTk2ZGY2NzMxZTcyYmM1NDA4NzA4ZGE5MWYzOCJ9fX0="}]
								},
								"minecraft:item_name": "{'translate':'simplenergy.elite_cable', 'italic': false, 'color': 'white'}"
							}
						}
					]
				}
			]
		}
	]
}
