{
	"pools": [
		{
			"rolls": 1,
			"entries": [
				{
					"type": "minecraft:item",
					"name": "minecraft:furnace",
					"functions": [
						{
							"function": "minecraft:set_components",
							"components": {
								"minecraft:custom_data": {
									"energy": {"usage": 120,"max_storage": 6400},
									"simplenergy": {"pulverizer": true},
									"smithed": {"ignore": {"functionality": true,"crafting": true}}
								},
								"minecraft:lore": [
									"{\"translate\":\"simplenergy.power_usage_120_kw\",\"italic\":false,\"color\":\"gray\"}",
									"{\"translate\":\"simplenergy.energy_buffer_6400_kj\",\"italic\":false,\"color\":\"gray\"}",
									"{'translate':'simplenergy', 'italic': true, 'color': 'blue'}"
								],
								"minecraft:custom_model_data": 2012043,
								"minecraft:item_name": "{'translate':'simplenergy.pulverizer', 'italic': false, 'color': 'white'}",
								"minecraft:container": [
									{"slot": 0,"item": {"id": "minecraft:stone","count": 1,"components": {"minecraft:custom_data": {"smithed": {"block": {"id": "simplenergy:pulverizer","from": "simplenergy"}}}}}}
								]
							}
						}
					]
				}
			]
		}
	]
}
