{
	"pools": [
		{
			"rolls": 1,
			"entries": [
				{
					"type": "minecraft:item",
					"name": "minecraft:command_block",
					"functions": [
						{
							"function": "minecraft:set_components",
							"components": {
								"minecraft:custom_data": {
									"smithed": {"dict": {"raw": {"simplunium": true}},"ignore": {"functionality": true,"crafting": true}},
									"simplenergy": {"raw_simplunium": true}
								},
								"minecraft:custom_model_data": 2012006,
								"minecraft:item_name": "{'translate':'simplenergy.raw_simplunium', 'italic': false, 'color': 'white'}",
								"minecraft:lore": [
									"{'translate':'simplenergy', 'italic': true, 'color': 'blue'}"
								]
							}
						}
					]
				}
			]
		}
	]
}
