{
	"pools": [
		{
			"rolls": 1,
			"entries": [
				{
					"type": "minecraft:item",
					"name": "minecraft:furnace",
					"functions": [
						{
							"function": "minecraft:set_components",
							"components": {
								"minecraft:custom_data": {
									"smithed": {"dict": {"block": {"simplunium": true},"ore": {"simplunium": true}},"ignore": {"functionality": true,"crafting": true}},
									"simplenergy": {"simplunium_ore": true}
								},
								"minecraft:custom_model_data": 2012001,
								"minecraft:item_name": "{'translate':'simplenergy.simplunium_ore', 'italic': false, 'color': 'white'}",
								"minecraft:lore": [
									"{'translate':'simplenergy', 'italic': true, 'color': 'blue'}"
								],
								"minecraft:container": [
									{"slot": 0,"item": {"id": "minecraft:stone","count": 1,"components": {"minecraft:custom_data": {"smithed": {"block": {"id": "simplenergy:simplunium_ore","from": "simplenergy"}}}}}}
								]
							}
						}
					]
				}
			]
		}
	]
}
