{
	"pools": [
		{
			"rolls": 1,
			"entries": [
				{
					"type": "minecraft:item",
					"name": "minecraft:leather_helmet",
					"functions": [
						{
							"function": "minecraft:set_components",
							"components": {
								"minecraft:custom_data": {
									"smithed": {"dict": {"armor": {"simplunium": true,"helmet": true}},"ignore": {"functionality": true,"crafting": true}},
									"simplenergy": {"simplunium_helmet": true}
								},
								"minecraft:dyed_color": {
									"rgb": 4605510,
									"show_in_tooltip": false
								},
								"minecraft:max_damage": 495,
								"minecraft:attribute_modifiers": [
									{"type": "generic.armor","amount": 2.5,"operation": "add_value","slot": "head","id": "simplenergy:generic.armor.head"}
								],
								"minecraft:custom_model_data": 2012008,
								"minecraft:item_name": "{'translate':'simplenergy.simplunium_helmet', 'italic': false, 'color': 'white'}",
								"minecraft:lore": [
									"{'translate':'simplenergy', 'italic': true, 'color': 'blue'}"
								]
							}
						}
					]
				}
			]
		}
	]
}
