{
	"pools": [
		{
			"rolls": 1,
			"entries": [
				{
					"type": "minecraft:item",
					"name": "minecraft:furnace",
					"functions": [
						{
							"function": "minecraft:set_components",
							"components": {
								"minecraft:custom_data": {
									"energy": {"storage": 0,"max_storage": 10000},
									"simplenergy": {"simple_battery": true},
									"smithed": {"ignore": {"functionality": true,"crafting": true}}
								},
								"minecraft:lore": [
									"{\"translate\":\"simplenergy.energy_storage_10_mj\",\"italic\":false,\"color\":\"gray\"}",
									"{'translate':'simplenergy', 'italic': true, 'color': 'blue'}"
								],
								"minecraft:custom_model_data": 2012019,
								"minecraft:item_name": "{'translate':'simplenergy.simple_battery', 'italic': false, 'color': 'white'}",
								"minecraft:container": [
									{"slot": 0,"item": {"id": "minecraft:stone","count": 1,"components": {"minecraft:custom_data": {"smithed": {"block": {"id": "simplenergy:simple_battery","from": "simplenergy"}}}}}}
								]
							}
						}
					]
				}
			]
		}
	]
}
