{
	"pools": [
		{
			"rolls": 1,
			"entries": [
				{
					"type": "minecraft:item",
					"name": "minecraft:warped_fungus_on_a_stick",
					"functions": [
						{
							"function": "minecraft:set_components",
							"components": {
								"minecraft:unbreakable": {
									"show_in_tooltip": false
								},
								"minecraft:lore": [
									"{\"translate\":\"simplenergy.provides_you_the_ability_to_instantly\",\"italic\":false,\"color\":\"gray\"}",
									"{\"translate\":\"simplenergy.break_cables_and_rotates_machines_while_sneaking\",\"italic\":false,\"color\":\"gray\"}",
									"{'translate':'simplenergy', 'italic': true, 'color': 'blue'}"
								],
								"minecraft:custom_model_data": 2012018,
								"minecraft:item_name": "{'translate':'simplenergy.wrench', 'italic': false, 'color': 'white'}",
								"minecraft:custom_data": {
									"simplenergy": {"wrench": true},
									"smithed": {"ignore": {"functionality": true,"crafting": true}}
								}
							}
						}
					]
				}
			]
		}
	]
}
