{
	"pools": [
		{
			"rolls": 1,
			"entries": [
				{
					"type": "minecraft:item",
					"name": "minecraft:netherite_shovel",
					"functions": [
						{
							"function": "minecraft:set_components",
							"components": {
								"minecraft:custom_data": {
									"smithed": {
										"dict": {"tools": {"adamantium": true,"shovel": true}},
										"ignore": {"functionality": true,"crafting": true}
									},
									"switch": {
										"adamantium_shovel": true
									}
								},
								"minecraft:max_damage": 1873,
								"minecraft:attribute_modifiers": [
									{
										"type": "attack_damage",
										"amount": 5.7,
										"operation": "add_value",
										"slot": "mainhand",
										"id": "minecraft:base_attack_damage"
									},
									{
										"type": "attack_speed",
										"amount": -3.0,
										"operation": "add_value",
										"slot": "mainhand",
										"id": "minecraft:base_attack_speed"
									},
									{
										"type": "mining_efficiency",
										"amount": 0.2,
										"operation": "add_value",
										"slot": "mainhand",
										"id": "switch:mining_efficiency.mainhand"
									}
								],
								"minecraft:item_model": "switch:adamantium_shovel",
								"minecraft:item_name": {
									"text": "Adamantium Shovel",
									"italic": false,
									"color": "white"
								},
								"minecraft:lore": [
									[
										"",
										{"text": "I","color": "white","italic": false,"font": "switch:icons"},
										{"text": " Switch","italic": true,"color": "blue"}
									]
								]
							}
						}
					]
				}
			]
		}
	]
}
