{
	"pools": [
		{
			"rolls": 1,
			"entries": [
				{
					"type": "minecraft:item",
					"name": "minecraft:leather_helmet",
					"functions": [
						{
							"function": "minecraft:set_components",
							"components": {
								"minecraft:custom_data": {
									"smithed": {"dict": {"armor": {"adamantium": true,"helmet": true}},"ignore": {"functionality": true,"crafting": true}},
									"switch": {"adamantium_helmet": true}
								},
								"minecraft:max_damage": 375,
								"minecraft:equippable": {
									"slot": "head",
									"asset_id": "switch:adamantium"
								},
								"minecraft:attribute_modifiers": [
									{"type": "armor","amount": 3.2,"operation": "add_value","slot": "head","id": "switch:armor.head"},
									{"type": "armor_toughness","amount": 3,"operation": "add_value","slot": "head","id": "switch:armor_toughness.head"},
									{"type": "knockback_resistance","amount": 0.1,"operation": "add_value","slot": "head","id": "switch:knockback_resistance.head"}
								],
								"minecraft:item_model": "switch:adamantium_helmet",
								"minecraft:item_name": {
									"text": "Adamantium Helmet",
									"italic": false,
									"color": "white"
								},
								"minecraft:lore": [
									["",{"text": "I","color": "white","italic": false,"font": "switch:icons"},{"text": " Switch","italic": true,"color": "blue"}]
								]
							}
						}
					]
				}
			]
		}
	]
}
