{
	"pools": [
		{
			"rolls": 1,
			"entries": [
				{
					"type": "minecraft:item",
					"name": "minecraft:leather_chestplate",
					"functions": [
						{
							"function": "minecraft:set_components",
							"components": {
								"minecraft:custom_data": {
									"smithed": {"dict": {"armor": {"adamantium": true,"chestplate": true}},"ignore": {"functionality": true,"crafting": true}},
									"switch": {"adamantium_chestplate": true}
								},
								"minecraft:dyed_color": {
									"rgb": 2511745,
									"show_in_tooltip": false
								},
								"minecraft:max_damage": 545,
								"minecraft:equippable": {
									"slot": "chest",
									"model": "switch:adamantium"
								},
								"minecraft:attribute_modifiers": [
									{"type": "armor","amount": 8.2,"operation": "add_value","slot": "chest","id": "switch:armor.chest"},
									{"type": "armor_toughness","amount": 3,"operation": "add_value","slot": "chest","id": "switch:armor_toughness.chest"},
									{"type": "knockback_resistance","amount": 0.1,"operation": "add_value","slot": "chest","id": "switch:knockback_resistance.chest"}
								],
								"minecraft:item_model": "switch:adamantium_chestplate",
								"minecraft:item_name": "{\"text\": \"Adamantium Chestplate\", \"italic\": false, \"color\": \"white\"}",
								"minecraft:lore": [
									"{\"text\": \"Switch\", \"italic\": true, \"color\": \"blue\"}"
								]
							}
						}
					]
				}
			]
		}
	]
}
