{
	"pools": [
		{
			"rolls": 1,
			"entries": [
				{
					"type": "minecraft:item",
					"name": "minecraft:leather_boots",
					"functions": [
						{
							"function": "minecraft:set_components",
							"components": {
								"minecraft:custom_data": {
									"smithed": {"dict": {"armor": {"adamantium": true,"boots": true}},"ignore": {"functionality": true,"crafting": true}},
									"switch": {"adamantium_boots": true}
								},
								"minecraft:max_damage": 443,
								"minecraft:equippable": {
									"slot": "feet",
									"asset_id": "switch:adamantium"
								},
								"minecraft:attribute_modifiers": [
									{"type": "armor","amount": 3.2,"operation": "add_value","slot": "feet","id": "switch:armor.feet"},
									{"type": "armor_toughness","amount": 3,"operation": "add_value","slot": "feet","id": "switch:armor_toughness.feet"},
									{"type": "knockback_resistance","amount": 0.1,"operation": "add_value","slot": "feet","id": "switch:knockback_resistance.feet"}
								],
								"minecraft:item_model": "switch:adamantium_boots",
								"minecraft:item_name": {
									"text": "Adamantium Boots",
									"italic": false,
									"color": "white"
								},
								"minecraft:lore": [
									["",{"text": "I","color": "white","italic": false,"font": "switch:icons"},{"text": " Switch","italic": true,"color": "blue"}]
								]
							}
						}
					]
				}
			]
		}
	]
}
