{
	"pools": [
		{
			"rolls": 1,
			"entries": [
				{
					"type": "minecraft:item",
					"name": "minecraft:iron_boots",
					"functions": [
						{
							"function": "minecraft:set_components",
							"components": {
								"minecraft:custom_data": {
									"smithed": {
										"dict": {"armor": {"anti_radiation": true,"boots": true}},
										"ignore": {"functionality": true,"crafting": true}
									},
									"switch": {
										"anti_radiation_boots": true
									}
								},
								"minecraft:max_damage": 195,
								"minecraft:attribute_modifiers": [
									{
										"type": "armor",
										"amount": 2,
										"operation": "add_value",
										"slot": "feet",
										"id": "switch:armor.feet"
									}
								],
								"minecraft:item_model": "switch:anti_radiation_boots",
								"minecraft:item_name": {
									"text": "Anti Radiation Boots"
								},
								"minecraft:lore": [
									[
										"",
										{"text": "I","color": "white","italic": false,"font": "switch:icons"},
										{"text": " Switch","italic": true,"color": "blue"}
									]
								]
							}
						}
					]
				}
			]
		}
	]
}
