{
	"pools": [
		{
			"rolls": 1,
			"entries": [
				{
					"type": "minecraft:item",
					"name": "minecraft:diamond_axe",
					"functions": [
						{
							"function": "minecraft:set_components",
							"components": {
								"minecraft:custom_data": {
									"smithed": {"dict": {"tools": {"darkium": true,"axe": true}},"ignore": {"functionality": true,"crafting": true}},
									"switch": {"darkium_axe": true}
								},
								"minecraft:max_damage": 1812,
								"minecraft:attribute_modifiers": [
									{"type": "attack_damage","amount": 8,"operation": "add_value","slot": "mainhand","id": "minecraft:base_attack_damage"},
									{"type": "attack_speed","amount": -3.0,"operation": "add_value","slot": "mainhand","id": "minecraft:base_attack_speed"}
								],
								"minecraft:item_model": "switch:darkium_axe",
								"minecraft:item_name": {
									"text": "Darkium Axe",
									"italic": false,
									"color": "white"
								},
								"minecraft:lore": [
									["",{"text": "I","color": "white","italic": false,"font": "switch:icons"},{"text": " Switch","italic": true,"color": "blue"}]
								]
							}
						}
					]
				}
			]
		}
	]
}
