{
	"pools": [
		{
			"rolls": 1,
			"entries": [
				{
					"type": "minecraft:item",
					"name": "minecraft:diamond_pickaxe",
					"functions": [
						{
							"function": "minecraft:set_components",
							"components": {
								"minecraft:custom_data": {
									"smithed": {"dict": {"tools": {"emerald": true,"pickaxe": true}},"ignore": {"functionality": true,"crafting": true}},
									"switch": {"emerald_pickaxe": true}
								},
								"minecraft:max_damage": 736,
								"minecraft:attribute_modifiers": [
									{"type": "attack_damage","amount": 4,"operation": "add_value","slot": "mainhand","id": "minecraft:base_attack_damage"},
									{"type": "attack_speed","amount": -2.8,"operation": "add_value","slot": "mainhand","id": "minecraft:base_attack_speed"},
									{"type": "luck","amount": 0.25,"operation": "add_value","slot": "mainhand","id": "switch:luck.mainhand"}
								],
								"minecraft:item_model": "switch:emerald_pickaxe",
								"minecraft:item_name": {
									"text": "Emerald Pickaxe",
									"italic": false,
									"color": "white"
								},
								"minecraft:lore": [
									["",{"text": "I","color": "white","italic": false,"font": "switch:icons"},{"text": " Switch","italic": true,"color": "blue"}]
								]
							}
						}
					]
				}
			]
		}
	]
}
