{
	"pools": [
		{
			"rolls": 1,
			"entries": [
				{
					"type": "minecraft:item",
					"name": "minecraft:diamond_shovel",
					"functions": [
						{
							"function": "minecraft:set_components",
							"components": {
								"minecraft:custom_data": {
									"smithed": {"dict": {"tools": {"emerald": true,"shovel": true}},"ignore": {"functionality": true,"crafting": true}},
									"switch": {"emerald_shovel": true}
								},
								"minecraft:max_damage": 736,
								"minecraft:attribute_modifiers": [
									{"type": "attack_damage","amount": 4.5,"operation": "add_value","slot": "mainhand","id": "minecraft:base_attack_damage"},
									{"type": "attack_speed","amount": -3.0,"operation": "add_value","slot": "mainhand","id": "minecraft:base_attack_speed"},
									{"type": "luck","amount": 0.25,"operation": "add_value","slot": "mainhand","id": "switch:luck.mainhand"}
								],
								"minecraft:item_model": "switch:emerald_shovel",
								"minecraft:item_name": "{'text': 'Emerald Shovel', 'italic': false, 'color': 'white'}",
								"minecraft:lore": [
									"{'text': 'Switch', 'italic': true, 'color': 'blue'}"
								]
							}
						}
					]
				}
			]
		}
	]
}
