{
	"pools": [
		{
			"rolls": 1,
			"entries": [
				{
					"type": "minecraft:item",
					"name": "minecraft:leather_helmet",
					"functions": [
						{
							"function": "minecraft:set_components",
							"components": {
								"minecraft:custom_data": {
									"smithed": {"dict": {"armor": {"emerald": true,"helmet": true}},"ignore": {"functionality": true,"crafting": true}},
									"switch": {"emerald_helmet": true}
								},
								"minecraft:dyed_color": {
									"rgb": 2532680,
									"show_in_tooltip": false
								},
								"minecraft:max_damage": 171,
								"minecraft:equippable": {
									"slot": "head",
									"model": "switch:emerald"
								},
								"minecraft:attribute_modifiers": [
									{"type": "armor","amount": 3,"operation": "add_value","slot": "head","id": "switch:armor.head"},
									{"type": "armor_toughness","amount": 2,"operation": "add_value","slot": "head","id": "switch:armor_toughness.head"},
									{"type": "luck","amount": 0.25,"operation": "add_value","slot": "head","id": "switch:luck.head"}
								],
								"minecraft:item_model": "switch:emerald_helmet",
								"minecraft:item_name": "{\"text\": \"Emerald Helmet\", \"italic\": false, \"color\": \"white\"}",
								"minecraft:lore": [
									"{\"text\": \"Switch\", \"italic\": true, \"color\": \"blue\"}"
								]
							}
						}
					]
				}
			]
		}
	]
}
