{
	"pools": [
		{
			"rolls": 1,
			"entries": [
				{
					"type": "minecraft:item",
					"name": "minecraft:command_block",
					"functions": [
						{
							"function": "minecraft:set_components",
							"components": {
								"minecraft:rarity": "epic",
								"minecraft:equippable": {
									"slot": "chest",
									"model": "switch:topaz"
								},
								"minecraft:item_model": "switch:topaz_chestplate",
								"minecraft:item_name": "\"Topaz Chestplate\"",
								"minecraft:unbreakable": {},
								"minecraft:attribute_modifiers": [
									{"type": "armor","slot": "chest","id": "switch.armor","amount": 4.35,"operation": "add_value"}
								],
								"minecraft:lore": [
									"[\"\", {\"text\": \"I\", \"color\": \"white\", \"italic\": false, \"font\": \"switch:icons\"}, {\"text\": \" Switch\", \"italic\": true, \"color\": \"blue\"}]"
								],
								"minecraft:custom_data": {
									"switch": {"infected_armor_7": true},
									"smithed": {"ignore": {"functionality": true,"crafting": true}}
								}
							}
						}
					]
				}
			]
		}
	]
}
