{
	"pools": [
		{
			"rolls": 1,
			"entries": [
				{
					"type": "minecraft:item",
					"name": "minecraft:leather_chestplate",
					"functions": [
						{
							"function": "minecraft:set_components",
							"components": {
								"minecraft:max_stack_size": 1,
								"minecraft:rarity": "epic",
								"minecraft:equippable": {
									"slot": "chest",
									"asset_id": "minecraft:leather"
								},
								"minecraft:item_model": "minecraft:leather_chestplate",
								"minecraft:item_name": "Leather Chestplate",
								"minecraft:unbreakable": {},
								"minecraft:attribute_modifiers": [
									{
										"type": "armor",
										"slot": "chest",
										"id": "switch.armor",
										"amount": 4.0,
										"operation": "add_value"
									}
								],
								"minecraft:lore": [
									[
										"",
										{"text": "I","color": "white","italic": false,"font": "switch:icons"},
										{"text": " Switch","italic": true,"color": "blue"}
									]
								],
								"minecraft:custom_data": {
									"switch": {
										"infected_armor_0": true
									},
									"smithed": {
										"ignore": {"functionality": true,"crafting": true}
									}
								}
							}
						}
					]
				}
			]
		}
	]
}
