{
	"pools": [
		{
			"rolls": 1,
			"entries": [
				{
					"type": "minecraft:item",
					"name": "minecraft:command_block",
					"functions": [
						{
							"function": "minecraft:set_components",
							"components": {
								"minecraft:equippable": {
									"slot": "chest",
									"model": "minecraft:gold"
								},
								"minecraft:item_model": "minecraft:golden_chestplate",
								"minecraft:item_name": "\"Golden Chestplate\"",
								"minecraft:unbreakable": {},
								"minecraft:attribute_modifiers": [
									{"type": "armor","slot": "chest","id": "switch.armor","amount": 4.1,"operation": "add_value"}
								],
								"minecraft:lore": [
									"{\"text\": \"Switch\", \"italic\": true, \"color\": \"blue\"}"
								],
								"minecraft:custom_data": {
									"switch": {"infected_armor_2": true},
									"smithed": {"ignore": {"functionality": true,"crafting": true}}
								}
							}
						}
					]
				}
			]
		}
	]
}
