{
	"pools": [
		{
			"rolls": 1,
			"entries": [
				{
					"type": "minecraft:item",
					"name": "minecraft:iron_sword",
					"functions": [
						{
							"function": "minecraft:set_components",
							"components": {
								"minecraft:rarity": "epic",
								"minecraft:item_model": "switch:ruby_sword",
								"minecraft:item_name": "Ruby Sword",
								"minecraft:unbreakable": {},
								"minecraft:attribute_modifiers": [
									{"type": "attack_damage","slot": "mainhand","id": "base_attack_damage","amount": 4.4,"operation": "add_value"}
								],
								"minecraft:lore": [
									["",{"text": "I","color": "white","italic": false,"font": "switch:icons"},{"text": " Switch","italic": true,"color": "blue"}]
								],
								"minecraft:custom_data": {
									"switch": {"infected_sword_8": true},
									"smithed": {"ignore": {"functionality": true,"crafting": true}}
								}
							}
						}
					]
				}
			]
		}
	]
}
