{
	"pools": [
		{
			"rolls": 1,
			"entries": [
				{
					"type": "minecraft:item",
					"name": "minecraft:leather_leggings",
					"functions": [
						{
							"function": "minecraft:set_components",
							"components": {
								"minecraft:custom_data": {
									"smithed": {"dict": {"armor": {"obsidian": true,"leggings": true}},"ignore": {"functionality": true,"crafting": true}},
									"switch": {"obsidian_leggings": true}
								},
								"minecraft:dyed_color": {
									"rgb": 2168364,
									"show_in_tooltip": false
								},
								"minecraft:max_damage": 1237,
								"minecraft:equippable": {
									"slot": "legs",
									"model": "switch:obsidian"
								},
								"minecraft:attribute_modifiers": [
									{"type": "armor","amount": 6,"operation": "add_value","slot": "legs","id": "switch:armor.legs"},
									{"type": "armor_toughness","amount": 2,"operation": "add_value","slot": "legs","id": "switch:armor_toughness.legs"}
								],
								"minecraft:item_model": "switch:obsidian_leggings",
								"minecraft:item_name": "{'text': 'Obsidian Leggings', 'italic': false, 'color': 'white'}",
								"minecraft:lore": [
									"{'text': 'Switch', 'italic': true, 'color': 'blue'}"
								]
							}
						}
					]
				}
			]
		}
	]
}
