{
	"pools": [
		{
			"rolls": 1,
			"entries": [
				{
					"type": "minecraft:item",
					"name": "minecraft:command_block",
					"functions": [
						{
							"function": "minecraft:set_components",
							"components": {
								"minecraft:custom_data": {
									"smithed": {"dict": {"raw": {"californium": true}},"ignore": {"functionality": true,"crafting": true}},
									"switch": {"raw_californium": true}
								},
								"minecraft:item_model": "switch:raw_californium",
								"minecraft:item_name": "{\"text\": \"Raw Californium\", \"italic\": false, \"color\": \"white\"}",
								"minecraft:lore": [
									"{\"text\": \"Switch\", \"italic\": true, \"color\": \"blue\"}"
								]
							}
						}
					]
				}
			]
		}
	]
}
