{
	"pools": [
		{
			"rolls": 1,
			"entries": [
				{
					"type": "minecraft:item",
					"name": "minecraft:diamond_axe",
					"functions": [
						{
							"function": "minecraft:set_components",
							"components": {
								"minecraft:custom_data": {
									"smithed": {"dict": {"tools": {"ruby": true,"axe": true}},"ignore": {"functionality": true,"crafting": true}},
									"switch": {"ruby_axe": true}
								},
								"minecraft:max_damage": 1647,
								"minecraft:attribute_modifiers": [
									{"type": "attack_damage","amount": 8.5,"operation": "add_value","slot": "mainhand","id": "minecraft:base_attack_damage"},
									{"type": "attack_speed","amount": -3.0,"operation": "add_value","slot": "mainhand","id": "minecraft:base_attack_speed"},
									{"type": "mining_efficiency","amount": 0.1,"operation": "add_value","slot": "mainhand","id": "switch:mining_efficiency.mainhand"}
								],
								"minecraft:item_model": "switch:ruby_axe",
								"minecraft:item_name": "{\"text\": \"Ruby Axe\", \"italic\": false, \"color\": \"white\"}",
								"minecraft:lore": [
									"{\"text\": \"Switch\", \"italic\": true, \"color\": \"blue\"}"
								]
							}
						}
					]
				}
			]
		}
	]
}
