{
	"pools": [
		{
			"rolls": 1,
			"entries": [
				{
					"type": "minecraft:item",
					"name": "minecraft:leather_helmet",
					"functions": [
						{
							"function": "minecraft:set_components",
							"components": {
								"minecraft:custom_data": {
									"smithed": {"dict": {"armor": {"ruby": true,"helmet": true}},"ignore": {"functionality": true,"crafting": true}},
									"switch": {"ruby_helmet": true}
								},
								"minecraft:dyed_color": {
									"rgb": 9571615,
									"show_in_tooltip": false
								},
								"minecraft:max_damage": 382,
								"minecraft:equippable": {
									"slot": "head",
									"model": "switch:ruby"
								},
								"minecraft:attribute_modifiers": [
									{"type": "armor","amount": 3.5,"operation": "add_value","slot": "head","id": "switch:armor.head"},
									{"type": "armor_toughness","amount": 2,"operation": "add_value","slot": "head","id": "switch:armor_toughness.head"}
								],
								"minecraft:item_model": "switch:ruby_helmet",
								"minecraft:item_name": "{'text': 'Ruby Helmet', 'italic': false, 'color': 'white'}",
								"minecraft:lore": [
									"{'text': 'Switch', 'italic': true, 'color': 'blue'}"
								]
							}
						}
					]
				}
			]
		}
	]
}
