{
	"pools": [
		{
			"rolls": 1,
			"entries": [
				{
					"type": "minecraft:item",
					"name": "minecraft:leather_chestplate",
					"functions": [
						{
							"function": "minecraft:set_components",
							"components": {
								"minecraft:custom_data": {
									"smithed": {"dict": {"armor": {"sapphire": true,"chestplate": true}},"ignore": {"functionality": true,"crafting": true}},
									"switch": {"sapphire_chestplate": true}
								},
								"minecraft:max_damage": 592,
								"minecraft:equippable": {
									"slot": "chest",
									"asset_id": "switch:sapphire"
								},
								"minecraft:attribute_modifiers": [
									{"type": "armor","amount": 8,"operation": "add_value","slot": "chest","id": "switch:armor.chest"},
									{"type": "armor_toughness","amount": 2,"operation": "add_value","slot": "chest","id": "switch:armor_toughness.chest"}
								],
								"minecraft:item_model": "switch:sapphire_chestplate",
								"minecraft:item_name": {
									"text": "Sapphire Chestplate",
									"italic": false,
									"color": "white"
								},
								"minecraft:lore": [
									["",{"text": "I","color": "white","italic": false,"font": "switch:icons"},{"text": " Switch","italic": true,"color": "blue"}]
								]
							}
						}
					]
				}
			]
		}
	]
}
