{
	"pools": [
		{
			"rolls": 1,
			"entries": [
				{
					"type": "minecraft:item",
					"name": "minecraft:diamond_sword",
					"functions": [
						{
							"function": "minecraft:set_components",
							"components": {
								"minecraft:custom_data": {
									"smithed": {"dict": {"tools": {"sapphire": true,"sword": true}},"ignore": {"functionality": true,"crafting": true}},
									"switch": {"sapphire_sword": true}
								},
								"minecraft:max_damage": 1752,
								"minecraft:attribute_modifiers": [
									{"type": "attack_damage","amount": 6,"operation": "add_value","slot": "mainhand","id": "minecraft:base_attack_damage"},
									{"type": "attack_speed","amount": -2.4,"operation": "add_value","slot": "mainhand","id": "minecraft:base_attack_speed"}
								],
								"minecraft:item_model": "switch:sapphire_sword",
								"minecraft:item_name": "{\"text\": \"Sapphire Sword\", \"italic\": false, \"color\": \"white\"}",
								"minecraft:lore": [
									"{\"text\": \"Switch\", \"italic\": true, \"color\": \"blue\"}"
								]
							}
						}
					]
				}
			]
		}
	]
}
