{
	"pools": [
		{
			"rolls": 1,
			"entries": [
				{
					"type": "minecraft:item",
					"name": "minecraft:command_block",
					"functions": [
						{
							"function": "minecraft:set_components",
							"components": {
								"minecraft:custom_data": {
									"switch": {"shazinho": true},
									"smithed": {"dict": {"record": {"shazinho": true}},"ignore": {"functionality": true,"crafting": true}}
								},
								"minecraft:item_name": "{'text':'Music Disc', 'italic': false}",
								"minecraft:jukebox_playable": {
									"song": "switch:shazinho",
									"show_in_tooltip": true
								},
								"minecraft:max_stack_size": 1,
								"minecraft:rarity": "rare",
								"minecraft:item_model": "switch:shazinho",
								"minecraft:lore": [
									"{\"text\": \"Switch\", \"italic\": true, \"color\": \"blue\"}"
								]
							}
						}
					]
				}
			]
		}
	]
}
