{
	"pools": [
		{
			"rolls": 1,
			"entries": [
				{
					"type": "minecraft:item",
					"name": "minecraft:leather_leggings",
					"functions": [
						{
							"function": "minecraft:set_components",
							"components": {
								"minecraft:custom_data": {
									"smithed": {
										"dict": {"armor": {"stardust": true,"leggings": true}},
										"ignore": {"functionality": true,"crafting": true}
									},
									"switch": {
										"stardust_leggings": true
									}
								},
								"minecraft:max_damage": 574,
								"minecraft:attribute_modifiers": [
									{
										"type": "armor",
										"amount": 6,
										"operation": "add_value",
										"slot": "legs",
										"id": "switch:armor.legs"
									},
									{
										"type": "armor_toughness",
										"amount": 2,
										"operation": "add_value",
										"slot": "legs",
										"id": "switch:armor_toughness.legs"
									}
								],
								"minecraft:item_model": "switch:stardust_leggings",
								"minecraft:item_name": {
									"text": "Stardust Leggings",
									"italic": false,
									"color": "white"
								},
								"minecraft:lore": [
									[
										"",
										{"text": "I","color": "white","italic": false,"font": "switch:icons"},
										{"text": " Switch","italic": true,"color": "blue"}
									]
								]
							}
						}
					]
				}
			]
		}
	]
}
