{
	"pools": [
		{
			"rolls": 1,
			"entries": [
				{
					"type": "minecraft:item",
					"name": "minecraft:leather_helmet",
					"functions": [
						{
							"function": "minecraft:set_components",
							"components": {
								"minecraft:custom_data": {
									"smithed": {"dict": {"armor": {"stardust": true,"helmet": true}},"ignore": {"functionality": true,"crafting": true}},
									"switch": {"stardust_helmet": true}
								},
								"minecraft:max_damage": 421,
								"minecraft:attribute_modifiers": [
									{"type": "armor","amount": 3,"operation": "add_value","slot": "head","id": "switch:armor.head"},
									{"type": "armor_toughness","amount": 2,"operation": "add_value","slot": "head","id": "switch:armor_toughness.head"}
								],
								"minecraft:item_model": "switch:stardust_helmet",
								"minecraft:item_name": "{\"text\": \"Stardust Helmet\", \"italic\": false, \"color\": \"white\"}",
								"minecraft:lore": [
									"[\"\", {\"text\": \"I\", \"color\": \"white\", \"italic\": false, \"font\": \"switch:icons\"}, {\"text\": \" Switch\", \"italic\": true, \"color\": \"blue\"}]"
								]
							}
						}
					]
				}
			]
		}
	]
}
