{
	"pools": [
		{
			"rolls": 1,
			"entries": [
				{
					"type": "minecraft:item",
					"name": "minecraft:leather_boots",
					"functions": [
						{
							"function": "minecraft:set_components",
							"components": {
								"minecraft:custom_data": {
									"smithed": {"dict": {"armor": {"steel": true,"boots": true}},"ignore": {"functionality": true,"crafting": true}},
									"switch": {"steel_boots": true}
								},
								"minecraft:max_damage": 346,
								"minecraft:equippable": {
									"slot": "feet",
									"asset_id": "switch:steel"
								},
								"minecraft:attribute_modifiers": [
									{"type": "armor","amount": 2,"operation": "add_value","slot": "feet","id": "switch:armor.feet"}
								],
								"minecraft:item_model": "switch:steel_boots",
								"minecraft:item_name": "{\"text\": \"Steel Boots\", \"italic\": false, \"color\": \"white\"}",
								"minecraft:lore": [
									"[\"\", {\"text\": \"I\", \"color\": \"white\", \"italic\": false, \"font\": \"switch:icons\"}, {\"text\": \" Switch\", \"italic\": true, \"color\": \"blue\"}]"
								]
							}
						}
					]
				}
			]
		}
	]
}
