{
	"pools": [
		{
			"rolls": 1,
			"entries": [
				{
					"type": "minecraft:item",
					"name": "minecraft:command_block",
					"functions": [
						{
							"function": "minecraft:set_components",
							"components": {
								"minecraft:custom_data": {
									"smithed": {"dict": {"stick": {"steel": true}},"ignore": {"functionality": true,"crafting": true}},
									"switch": {"steel_stick": true}
								},
								"minecraft:item_model": "switch:steel_stick",
								"minecraft:item_name": {
									"text": "Steel Stick",
									"italic": false,
									"color": "white"
								},
								"minecraft:lore": [
									["",{"text": "I","color": "white","italic": false,"font": "switch:icons"},{"text": " Switch","italic": true,"color": "blue"}]
								]
							}
						}
					]
				}
			]
		}
	]
}
