{
	"pools": [
		{
			"rolls": 1,
			"entries": [
				{
					"type": "minecraft:item",
					"name": "minecraft:diamond_hoe",
					"functions": [
						{
							"function": "minecraft:set_components",
							"components": {
								"minecraft:custom_data": {
									"smithed": {"dict": {"tools": {"topaz": true,"hoe": true}},"ignore": {"functionality": true,"crafting": true}},
									"switch": {"topaz_hoe": true}
								},
								"minecraft:max_damage": 1281,
								"minecraft:attribute_modifiers": [
									{"type": "attack_damage","amount": 1.0,"operation": "add_value","slot": "mainhand","id": "minecraft:base_attack_damage"},
									{"type": "attack_speed","amount": 0.0,"operation": "add_value","slot": "mainhand","id": "minecraft:base_attack_speed"}
								],
								"minecraft:item_model": "switch:topaz_hoe",
								"minecraft:item_name": "{\"text\": \"Topaz Hoe\", \"italic\": false, \"color\": \"white\"}",
								"minecraft:lore": [
									"[\"\", {\"text\": \"I\", \"color\": \"white\", \"italic\": false, \"font\": \"switch:icons\"}, {\"text\": \" Switch\", \"italic\": true, \"color\": \"blue\"}]"
								]
							}
						}
					]
				}
			]
		}
	]
}
