{
	"pools": [
		{
			"rolls": 1,
			"entries": [
				{
					"type": "minecraft:item",
					"name": "minecraft:leather_leggings",
					"functions": [
						{
							"function": "minecraft:set_components",
							"components": {
								"minecraft:custom_data": {
									"smithed": {"dict": {"armor": {"topaz": true,"leggings": true}},"ignore": {"functionality": true,"crafting": true}},
									"switch": {"topaz_leggings": true}
								},
								"minecraft:max_damage": 406,
								"minecraft:equippable": {
									"slot": "legs",
									"asset_id": "switch:topaz"
								},
								"minecraft:attribute_modifiers": [
									{"type": "armor","amount": 7.0,"operation": "add_value","slot": "legs","id": "switch:armor.legs"},
									{"type": "armor_toughness","amount": 2,"operation": "add_value","slot": "legs","id": "switch:armor_toughness.legs"}
								],
								"minecraft:item_model": "switch:topaz_leggings",
								"minecraft:item_name": {
									"text": "Topaz Leggings",
									"italic": false,
									"color": "white"
								},
								"minecraft:lore": [
									["",{"text": "I","color": "white","italic": false,"font": "switch:icons"},{"text": " Switch","italic": true,"color": "blue"}]
								]
							}
						}
					]
				}
			]
		}
	]
}
