{
	"pools": [
		{
			"rolls": 1,
			"entries": [
				{
					"type": "minecraft:item",
					"name": "minecraft:command_block",
					"functions": [
						{
							"function": "minecraft:set_components",
							"components": {
								"minecraft:custom_data": {
									"smithed": {"dict": {"ingot": {"uranium": true}},"ignore": {"functionality": true,"crafting": true}},
									"switch": {"uranium_ingot": true}
								},
								"minecraft:item_model": "switch:uranium_ingot",
								"minecraft:item_name": "{\"text\": \"Uranium Ingot\", \"italic\": false, \"color\": \"white\"}",
								"minecraft:lore": [
									"[\"\", {\"text\": \"I\", \"color\": \"white\", \"italic\": false, \"font\": \"switch:icons\"}, {\"text\": \" Switch\", \"italic\": true, \"color\": \"blue\"}]"
								]
							}
						}
					]
				}
			]
		}
	]
}
