{
	"pools": [
		{
			"rolls": 1,
			"bonus_rolls": 0,
			"entries": [
				{
					"type": "minecraft:item",
					"name": "minecraft:warped_fungus_on_a_stick",
					"functions": [
						{
							"function": "minecraft:set_components",
							"components": {
								"minecraft:custom_data": {
									"ctc": {
										"id": "glassrunner:fireball_wand"
									},
									"glassrunner": {
										"fireball_wand": true
									}
								},
								"minecraft:item_model": "switch:fireball_wand",
								"minecraft:item_name": "{\"text\":\"Fireball Wand\",\"color\":\"dark_red\",\"italic\":false}",
								"minecraft:lore": [
									"{\"text\":\"Fait spawn une fireball devant vous qui détruit tout sur son passage\",\"color\":\"dark_gray\",\"italic\":false}",
									"[{\"text\":\"Prix : \",\"color\":\"dark_gray\",\"italic\":false},{\"text\":\"15 pièces\",\"color\":\"gold\",\"italic\":false}]"
								]
							}
						}
					]
				}
			]
		}
	]
}