{
  "display": {
    "icon": {
      "item": "minecraft:carrot_on_a_stick",
      "nbt": "{CustomModelData:330008}"
    },
    "title": {
      "translate": "advancements.tcc.minecraft.end.feed_gobblerift.title"
    },
    "description": [
      {
        "translate": "advancements.tcc.minecraft.end.feed_gobblerift.description"
      },
      "\n\n",
      {
        "translate": "pack.tcc",
        "color": "#008725",
        "italic": true
      }
    ],
    "frame": "task"
  },
  "parent": "minecraft:end/find_end_city",
  "criteria": {
    "impossible": {
      "trigger": "minecraft:impossible"
    }
  }
}
