{
	"display": {
		"icon": {
			"item": "minecraft:item_frame",
			"nbt": "{CustomModelData:2013204}"
		},
		"title": {
			"text": "Farming essences",
			"color": "aqua"
		},
		"description": {
			"text": "Plant an Elite Stardust Seed",
			"color": "green"
		},
		"frame": "task",
		"show_toast": true,
		"announce_to_chat": true,
		"hidden": false
	},
	"parent": "stardust:visible/adventure/seeds/advanced_stardust",
	"criteria": {
		"requirement": {
			"trigger": "minecraft:impossible",
			"conditions": {}
		}
	}
}
