{
	"display": {
		"icon": {
			"item": "minecraft:item_frame",
			"nbt": "{CustomModelData:2013206}"
		},
		"title": {
			"text": "Planting and burning",
			"color": "aqua"
		},
		"description": {
			"text": "Plant a Solarium Seed",
			"color": "green"
		},
		"frame": "task",
		"show_toast": true,
		"announce_to_chat": true,
		"hidden": false
	},
	"parent": "stardust:visible/adventure/seeds/legendarium",
	"criteria": {
		"requirement": {
			"trigger": "minecraft:impossible",
			"conditions": {}
		}
	}
}
