{
	"display": {
		"icon": {
			"item": "minecraft:barrel",
			"nbt": "{CustomModelData:2013308}"
		},
		"title": {
			"text": "Everythin's blue",
			"color": "aqua"
		},
		"description": {
			"text": "Travel to the Stardust Dimension",
			"color": "green"
		},
		"frame": "task",
		"show_toast": true,
		"announce_to_chat": true,
		"hidden": false
	},
	"parent": "stardust:visible/adventure/enter_celestial",
	"criteria": {
		"requirement": {
			"trigger": "minecraft:changed_dimension",
			"conditions": {
				"to": "stardust:stardust"
			}
		}
	}
}
