{
	"display": {
		"icon": {
			"item": "minecraft:barrel",
			"nbt": "{CustomModelData:2013309}"
		},
		"title": {
			"text": "A dimension, a dungeon",
			"color": "aqua"
		},
		"description": {
			"text": "Enter the Stardust Dungeon Dimension",
			"color": "green"
		},
		"frame": "task",
		"show_toast": true,
		"announce_to_chat": true,
		"hidden": false
	},
	"parent": "stardust:visible/adventure/enter_stardust",
	"criteria": {
		"requirement": {
			"trigger": "minecraft:changed_dimension",
			"conditions": {
				"to": "stardust:dungeon"
			}
		}
	}
}
