{
	"display": {
		"icon": {
			"item": "minecraft:warped_fungus_on_a_stick",
			"nbt": "{CustomModelData:2013220}"
		},
		"title": {
			"text": "What am I going to take out?",
			"color": "aqua"
		},
		"description": {
			"text": "Find a Lucky Artifact Bag",
			"color": "green"
		},
		"frame": "task",
		"show_toast": true,
		"announce_to_chat": true,
		"hidden": false
	},
	"parent": "stardust:visible/stardust_fragment",
	"criteria": {
		"requirement": {
			"trigger": "minecraft:inventory_changed",
			"conditions": {
				"items": [
					{
						"tag": "stardust:items",
						"nbt": "{stardust:{lucky_artifact_bag:1b}}"
					}
				]
			}
		}
	}
}
