{
	"display": {
		"icon": {
			"item": "minecraft:dragon_head",
			"nbt": "{CustomModelData:0}"
		},
		"title": {
			"text": "Numbers don't affraid me"
		},
		"description": {
			"text": "Summon two Ultimate Boss at the same time",
			"color": "green"
		},
		"frame": "challenge",
		"show_toast": true,
		"announce_to_chat": true,
		"hidden": true
	},
	"parent": "stardust:visible/adventure/ultimate_boss",
	"criteria": {
		"requirement": {
			"trigger": "minecraft:impossible",
			"conditions": {}
		}
	}
}
