{
	"display": {
		"icon": {
			"item": "minecraft:command_block",
			"nbt": "{CustomModelData:2013012,Enchantments:[{}]}"
		},
		"title": {
			"text": "Star Fighter"
		},
		"description": {
			"text": "Defeat the Ultimate Boss\nby taking less than 10 hearts of damage",
			"color": "green"
		},
		"frame": "challenge",
		"show_toast": true,
		"announce_to_chat": true,
		"hidden": true
	},
	"parent": "stardust:visible/adventure/ultimate_boss",
	"criteria": {
		"requirement": {
			"trigger": "minecraft:impossible",
			"conditions": {}
		}
	}
}
