{
	"display": {
		"icon": {
			"item": "minecraft:command_block",
			"nbt": "{CustomModelData:2013012}"
		},
		"title": {
			"text": "Stard'End",
			"color": "aqua"
		},
		"description": {
			"text": "Defeat the Ultimate Boss",
			"color": "green"
		},
		"frame": "goal",
		"show_toast": true,
		"announce_to_chat": true,
		"hidden": false
	},
	"parent": "stardust:visible/adventure/summon_ultimate_boss",
	"criteria": {
		"requirement": {
			"trigger": "minecraft:impossible",
			"conditions": {}
		}
	}
}
