{
	"display": {
		"icon": {"id": "minecraft:barrier"},
		"title": {"text": "Berger","color": "yellow"},
		"description": {"text": "Win a game of SheepWars without using any sheep","color": "aqua"},
		"frame": "task",
		"show_toast": true,
		"announce_to_chat": true,
		"hidden": false
	},
	"criteria": {
		"requirement": {"trigger": "minecraft:impossible"}
	},
	"requirements": [
		["requirement"]
	],
	"rewards": {
		"function": "switch:advancements/easy"
	},
	"parent": "switch:visible/8"
}
