{
  "display": {
    "icon": {
      "id": "minecraft:player_head",
      "components": {
        "minecraft:profile": {
          "name": "King"
        }
      }
    },
    "title": {
      "text": "The Last King",
      "color": "yellow"
    },
    "description": {
      "text": "Be the last survivor in Protect The King",
      "color": "aqua"
    },
    "frame": "task",
    "show_toast": true,
    "announce_to_chat": true,
    "hidden": false
  },
  "criteria": {
    "requirement": {
      "trigger": "minecraft:impossible"
    }
  },
  "requirements": [
    [
      "requirement"
    ]
  ],
  "rewards": {
    "function": "switch:advancements/hard"
  },
  "parent": "switch:visible/39"
}
