{
	"display": {
		"icon": {"id": "minecraft:yellow_wool"},
		"title": {"text": "Wattouat","color": "yellow"},
		"description": {"text": "Die from a lightning sheep in SheepWars","color": "aqua"},
		"frame": "task",
		"show_toast": true,
		"announce_to_chat": true,
		"hidden": false
	},
	"criteria": {
		"requirement": {"trigger": "minecraft:impossible"}
	},
	"requirements": [
		["requirement"]
	],
	"rewards": {
		"function": "switch:advancements/medium"
	},
	"parent": "switch:visible/6"
}
