{
  "display": {
    "icon": {
      "id": "minecraft:ocelot_spawn_egg"
    },
    "title": {
      "text": "Ocelot",
      "color": "yellow"
    },
    "description": {
      "text": "Don't drop below half life in Creeper Apocalypse",
      "color": "aqua"
    },
    "frame": "task",
    "show_toast": true,
    "announce_to_chat": true,
    "hidden": false
  },
  "criteria": {
    "requirement": {
      "trigger": "minecraft:impossible"
    }
  },
  "requirements": [
    [
      "requirement"
    ]
  ],
  "rewards": {
    "function": "switch:advancements/hard"
  },
  "parent": "switch:visible/9"
}
