{
  "display": {
    "icon": {
      "id": "minecraft:nether_star"
    },
    "title": {
      "text": "First Victor",
      "color": "yellow"
    },
    "description": {
      "text": "Win your first game in any mini-game",
      "color": "aqua"
    },
    "frame": "task",
    "show_toast": true,
    "announce_to_chat": true,
    "hidden": false
  },
  "criteria": {
    "requirement": {
      "trigger": "minecraft:impossible"
    }
  },
  "requirements": [
    [
      "requirement"
    ]
  ],
  "rewards": {
    "function": "switch:advancements/easy"
  },
  "parent": "switch:visible/3"
}
