{
  "display": {
    "icon": {
      "id": "minecraft:dragon_head"
    },
    "title": {
      "text": "Xenophobe",
      "color": "yellow"
    },
    "description": {
      "text": "Eliminate all players of the same color in Layers 4 Teams",
      "color": "aqua"
    },
    "frame": "task",
    "show_toast": true,
    "announce_to_chat": true,
    "hidden": false
  },
  "criteria": {
    "requirement": {
      "trigger": "minecraft:impossible"
    }
  },
  "requirements": [
    [
      "requirement"
    ]
  ],
  "rewards": {
    "function": "switch:advancements/hard"
  },
  "parent": "switch:visible/39"
}
