{
	"display": {
		"icon": {"id": "minecraft:sugar"},
		"title": {"text": "Gros Diabète","color": "yellow"},
		"description": {"text": "Win a game of Traitors Game by being a Big Traitor","color": "aqua"},
		"frame": "task",
		"show_toast": true,
		"announce_to_chat": true,
		"hidden": false
	},
	"criteria": {
		"requirement": {"trigger": "minecraft:impossible"}
	},
	"requirements": [
		["requirement"]
	],
	"rewards": {
		"function": "switch:advancements/hard"
	},
	"parent": "switch:visible/7"
}
