{
	"display": {
		"icon": {"id": "minecraft:sandstone"},
		"title": {"text": "Pharaon","color": "yellow"},
		"description": {"text": "Complete the Ancient Egypt map secret in Infected","color": "aqua"},
		"frame": "challenge",
		"show_toast": true,
		"announce_to_chat": true,
		"hidden": false
	},
	"criteria": {
		"requirement": {"trigger": "minecraft:impossible"}
	},
	"requirements": [
		["requirement"]
	],
	"rewards": {
		"function": "switch:advancements/hard"
	},
	"parent": "switch:visible/50"
}
