{
	"display": {
		"icon": {"id": "minecraft:writable_book"},
		"title": {"text": "Jugeote","color": "yellow"},
		"description": {"text": "Rate 20 different mini-games","color": "aqua"},
		"frame": "task",
		"show_toast": true,
		"announce_to_chat": true,
		"hidden": false
	},
	"criteria": {
		"requirement": {"trigger": "minecraft:impossible"}
	},
	"requirements": [
		["requirement"]
	],
	"rewards": {
		"function": "switch:advancements/easy"
	},
	"parent": "switch:visible/4"
}
