{
  "display": {
    "icon": {
      "id": "minecraft:emerald"
    },
    "title": {
      "text": "H\u00e9ro",
      "color": "yellow"
    },
    "description": {
      "text": "Kill the murderer as an innocent in Murder Mystery",
      "color": "aqua"
    },
    "frame": "task",
    "show_toast": true,
    "announce_to_chat": true,
    "hidden": false
  },
  "criteria": {
    "requirement": {
      "trigger": "minecraft:impossible"
    }
  },
  "requirements": [
    [
      "requirement"
    ]
  ],
  "rewards": {
    "function": "switch:advancements/easy"
  },
  "parent": "switch:visible/34"
}
