{
  "display": {
    "icon": {
      "id": "minecraft:campfire"
    },
    "title": {
      "text": "Chaud les fesses",
      "color": "yellow"
    },
    "description": {
      "text": "Win a game of Panic Chase with less than 3 hearts",
      "color": "aqua"
    },
    "frame": "task",
    "show_toast": true,
    "announce_to_chat": true,
    "hidden": false
  },
  "criteria": {
    "requirement": {
      "trigger": "minecraft:impossible"
    }
  },
  "requirements": [
    [
      "requirement"
    ]
  ],
  "rewards": {
    "function": "switch:advancements/hard"
  },
  "parent": "switch:visible/48"
}
