{
  "display": {
    "icon": {
      "id": "minecraft:black_wool"
    },
    "title": {
      "text": "Raciste",
      "color": "yellow"
    },
    "description": {
      "text": "Shoot 3 black sheep in a game of Shoot Da'Sheep",
      "color": "aqua"
    },
    "frame": "task",
    "show_toast": true,
    "announce_to_chat": true,
    "hidden": false
  },
  "criteria": {
    "requirement": {
      "trigger": "minecraft:impossible"
    }
  },
  "requirements": [
    [
      "requirement"
    ]
  ],
  "rewards": {
    "function": "switch:advancements/easy"
  },
  "parent": "switch:visible/36"
}
