{
	"display": {
		"icon": {"id": "minecraft:golden_helmet"},
		"title": {"text": "Régicide","color": "yellow"},
		"description": {"text": "Win a game of Protect The King without losing any members of your kingdom","color": "aqua"},
		"frame": "task",
		"show_toast": true,
		"announce_to_chat": true,
		"hidden": false
	},
	"criteria": {
		"requirement": {"trigger": "minecraft:impossible"}
	},
	"requirements": [
		["requirement"]
	],
	"rewards": {
		"function": "switch:advancements/hard"
	},
	"parent": "switch:visible/14"
}
