{
  "display": {
    "icon": {
      "id": "minecraft:arrow"
    },
    "title": {
      "text": "Porc-\u00e9pic",
      "color": "yellow"
    },
    "description": {
      "text": "Take 10 arrows in a game of Guy Shooter",
      "color": "aqua"
    },
    "frame": "task",
    "show_toast": true,
    "announce_to_chat": true,
    "hidden": false
  },
  "criteria": {
    "requirement": {
      "trigger": "minecraft:impossible"
    }
  },
  "requirements": [
    [
      "requirement"
    ]
  ],
  "rewards": {
    "function": "switch:advancements/easy"
  },
  "parent": "switch:visible/63"
}
