{
	"display": {
		"icon": {"id": "minecraft:blue_ice"},
		"title": {"text": "Pitch Slayer","color": "yellow"},
		"description": {"text": "Win a Pitchout with 3 lives","color": "aqua"},
		"frame": "task",
		"show_toast": true,
		"announce_to_chat": true,
		"hidden": false
	},
	"criteria": {
		"requirement": {"trigger": "minecraft:impossible"}
	},
	"requirements": [
		["requirement"]
	],
	"rewards": {
		"function": "switch:advancements/hard"
	},
	"parent": "switch:visible/categories/hard"
}
