{
  "display": {
    "icon": {
      "id": "minecraft:sculk_shrieker"
    },
    "title": {
      "text": "Electro-choc",
      "color": "yellow"
    },
    "description": {
      "text": "Die from a warden's beam in Warden Escape",
      "color": "aqua"
    },
    "frame": "task",
    "show_toast": true,
    "announce_to_chat": true,
    "hidden": false
  },
  "criteria": {
    "requirement": {
      "trigger": "minecraft:impossible"
    }
  },
  "requirements": [
    [
      "requirement"
    ]
  ],
  "rewards": {
    "function": "switch:advancements/easy"
  },
  "parent": "switch:visible/69"
}
