{
  "display": {
    "icon": {
      "id": "minecraft:milk_bucket"
    },
    "title": {
      "text": "Merci Gertrude",
      "color": "yellow"
    },
    "description": {
      "text": "From the 10th round in Block Party, survive one thanks to Gertrude",
      "color": "aqua"
    },
    "frame": "task",
    "show_toast": true,
    "announce_to_chat": true,
    "hidden": false
  },
  "criteria": {
    "requirement": {
      "trigger": "minecraft:impossible"
    }
  },
  "requirements": [
    [
      "requirement"
    ]
  ],
  "rewards": {
    "function": "switch:advancements/medium"
  },
  "parent": "switch:visible/67"
}
