{
  "display": {
    "icon": {
      "id": "minecraft:snowball"
    },
    "title": {
      "text": "C'est donc \u00e7a, de se vider...",
      "color": "yellow"
    },
    "description": {
      "text": "Throw 42 snowballs in one game of Warden Escape",
      "color": "aqua"
    },
    "frame": "task",
    "show_toast": true,
    "announce_to_chat": true,
    "hidden": false
  },
  "criteria": {
    "requirement": {
      "trigger": "minecraft:impossible"
    }
  },
  "requirements": [
    [
      "requirement"
    ]
  ],
  "rewards": {
    "function": "switch:advancements/easy"
  },
  "parent": "switch:visible/70"
}
