{
  "display": {
    "icon": {
      "id": "minecraft:shield"
    },
    "title": {
      "text": "Parade Parfaite",
      "color": "yellow"
    },
    "description": {
      "text": "Parry an arrow by throwing your knife in Murder Mystery",
      "color": "aqua"
    },
    "frame": "task",
    "show_toast": true,
    "announce_to_chat": true,
    "hidden": false
  },
  "criteria": {
    "requirement": {
      "trigger": "minecraft:impossible"
    }
  },
  "requirements": [
    [
      "requirement"
    ]
  ],
  "rewards": {
    "function": "switch:advancements/hard"
  },
  "parent": "switch:visible/68"
}
