{
  "display": {
    "icon": {
      "id": "minecraft:stone",
      "components": {
        "minecraft:item_model": "switch:stardust_sniper"
      }
    },
    "title": {
      "text": "Pour l'\u00e9quipe !",
      "color": "yellow"
    },
    "description": {
      "text": "Shoot the bonus base in Laser Game",
      "color": "aqua"
    },
    "frame": "task",
    "show_toast": true,
    "announce_to_chat": true,
    "hidden": false
  },
  "criteria": {
    "requirement": {
      "trigger": "minecraft:impossible"
    }
  },
  "requirements": [
    [
      "requirement"
    ]
  ],
  "rewards": {
    "function": "switch:advancements/easy"
  },
  "parent": "switch:visible/72"
}
