{
  "display": {
    "icon": {
      "id": "minecraft:rabbit_stew"
    },
    "title": {
      "text": "Fast Food",
      "color": "yellow"
    },
    "description": {
      "text": "Reach at least 50 points in Feed Fast",
      "color": "aqua"
    },
    "frame": "task",
    "show_toast": true,
    "announce_to_chat": true,
    "hidden": false
  },
  "criteria": {
    "requirement": {
      "trigger": "minecraft:impossible"
    }
  },
  "requirements": [
    [
      "requirement"
    ]
  ],
  "rewards": {
    "function": "switch:advancements/easy"
  },
  "parent": "switch:visible/categories/easy"
}
