{
  "display": {
    "icon": {
      "id": "minecraft:turtle_egg"
    },
    "title": {
      "text": "Chercheur Acharn\u00e9",
      "color": "yellow"
    },
    "description": {
      "text": "Find all the Easter Eggs in the lobby",
      "color": "aqua"
    },
    "frame": "task",
    "show_toast": true,
    "announce_to_chat": true,
    "hidden": false
  },
  "criteria": {
    "requirement": {
      "trigger": "minecraft:impossible"
    }
  },
  "requirements": [
    [
      "requirement"
    ]
  ],
  "rewards": {
    "function": "switch:advancements/medium"
  },
  "parent": "switch:visible/24"
}
