{
	"display": {
		"icon": {"id": "minecraft:crying_obsidian"},
		"title": {"text": "The Obsidian Jump","color": "yellow"},
		"description": {"text": "Finish the obsidian jump for the first time","color": "aqua"},
		"frame": "challenge",
		"show_toast": true,
		"announce_to_chat": true,
		"hidden": false
	},
	"criteria": {
		"requirement": {"trigger": "minecraft:impossible"}
	},
	"requirements": [
		["requirement"]
	],
	"rewards": {
		"function": "switch:advancements/jumps/obsidian"
	},
	"parent": "switch:visible/jump_graviglitch"
}
