{
	"display": {
		"icon": { "item": "minecraft:command_block", "nbt": "{CustomModelData:2013159}" },
		"title": { "text": "Increasing Max Health II", "color": "aqua" },
		"description": { "text": "Get a level 2 Health Artifact", "color": "green" },
		"frame": "task",
		"show_toast": true,
		"announce_to_chat": true,
		"hidden": false
	},
	"parent": "stardust:visible/adventure/artifacts/health_lv1",
	"criteria": { "requirement": {
		"trigger": "minecraft:inventory_changed",
		"conditions": { "items": [{
			"tag": "stardust:items",
			"nbt": "{stardust:{health_artifact_lv2:1b}}"
		}]}
	}}
}
