{
	"display": {
		"icon": {
			"item": "minecraft:command_block",
			"nbt": "{CustomModelData:2013004}"
		},
		"title": {
			"text": "Awakened Shot",
			"color": "aqua"
		},
		"description": {
			"text": "Shoot an Awakened Stardust using a Sniper\n[+20 bullet damage]",
			"color": "green"
		},
		"frame": "task",
		"show_toast": true,
		"announce_to_chat": true,
		"hidden": false
	},
	"parent": "stardust:visible/adventure/shoot/stardust_fragment",
	"criteria": {
		"requirement": {
			"trigger": "minecraft:impossible",
			"conditions": {}
		}
	}
}
