{
	"display": {
		"icon": {
			"item": "minecraft:command_block",
			"nbt": "{CustomModelData:2013000}"
		},
		"title": {
			"text": "Shooting stars",
			"color": "aqua"
		},
		"description": {
			"text": "Shoot a Stardust Fragment using a Sniper\n[+15 bullet damage]",
			"color": "green"
		},
		"frame": "task",
		"show_toast": true,
		"announce_to_chat": true,
		"hidden": false
	},
	"parent": "stardust:visible/adventure/shoot/gold_nugget",
	"criteria": {
		"requirement": {
			"trigger": "minecraft:impossible",
			"conditions": {}
		}
	}
}
