[
	{
		"condition": "minecraft:inverted",
		"term": {
			"condition": "minecraft:location_check",
			"predicate": {
				"position": {
					"y": {
						"min": -64,
						"max": 500
					}
				}
			}
		}
	},
	{
		"condition": "minecraft:alternative",
		"terms": [
			{
				"condition": "minecraft:location_check",
				"predicate": {
					"position": {
						"y": {
							"min": 500
						}
					},
					"dimension": "minecraft:overworld"
				}
			},
			{
				"condition": "minecraft:location_check",
				"predicate": {
					"position": {
						"y": {
							"min": 500
						}
					},
					"dimension": "bracken:pax"
				}
			},
			{
				"condition": "minecraft:location_check",
				"predicate": {
					"dimension": "stardust:celestial"
				}
			},
			{
				"condition": "minecraft:location_check",
				"predicate": {
					"dimension": "stardust:stardust"
				}
			},
			{
				"condition": "minecraft:location_check",
				"predicate": {
					"dimension": "stardust:dungeon"
				}
			},
			{
				"condition": "minecraft:entity_properties",
				"entity": "this",
				"predicate": {
					"type": "minecraft:player",
					"location": {
						"dimension": "stardust:ultimate"
					}
				}
			}
		]
	}
]
