{
  "criteria": {
    "requirement": {
      "trigger": "minecraft:tick",
      "conditions": {
        "player": [
          {
            "condition": "minecraft:value_check",
            "value": {
              "type": "minecraft:score",
              "target": {
                "type": "minecraft:fixed",
                "name": "#grappling_hook.major"
              },
              "score": "load.status"
            },
            "range": 1
          },
          {
            "condition": "minecraft:value_check",
            "value": {
              "type": "minecraft:score",
              "target": {
                "type": "minecraft:fixed",
                "name": "#grappling_hook.minor"
              },
              "score": "load.status"
            },
            "range": 3
          },
          {
            "condition": "minecraft:value_check",
            "value": {
              "type": "minecraft:score",
              "target": {
                "type": "minecraft:fixed",
                "name": "#grappling_hook.patch"
              },
              "score": "load.status"
            },
            "range": 0
          }
        ]
      }
    }
  },
  "rewards": {
    "loot": [
      "grappling_hook:v1.3.0/items/guide"
    ]
  }
}
